machine,variable,window,n_days,slope_per_day,total_change,p_linear,kendall_tau,p_kendall,significant,is_injected
LD-01,Laser_Power_W,full,120,1.722331207248074e-05,0.002049574136625208,0.39929517190148067,0.04313725490196078,0.48479073931464345,False,False
LD-01,Laser_Power_W,last45,46,-2.2246752187425813e-05,-0.0010011038484341616,0.799365048110786,-0.02028985507246377,0.8423947985404165,False,False
LD-01,Laser_Power_W,last30,31,-0.00015640172287593142,-0.0046920516862779425,0.3636077639748034,-0.10107526881720431,0.43751367774909966,False,False
LD-01,Laser_Power_W,last21,22,-0.0003396202864197594,-0.0071320260148149475,0.22652745219945128,-0.1774891774891775,0.26275316600189397,False,False
LD-01,Laser_Power_W,last14,15,-0.0002671061475912292,-0.0037394860662772087,0.6327957883079048,-0.06666666666666668,0.770495669755301,False,False
LD-01,Laser_Power_W,last7,8,-0.002680017937262432,-0.018760125560837025,0.052445779307672295,-0.3571428571428571,0.27509920634920637,False,False
LD-01,Laser_Frequency_kHz,full,120,-0.00033269785847738224,-0.039591045158808486,0.1392373056590961,-0.09579831932773109,0.12078752912019496,False,False
LD-01,Laser_Frequency_kHz,last45,46,-0.0006277057273355113,-0.028246757730098007,0.4547048957155567,-0.0570048309178744,0.5764204344541329,False,False
LD-01,Laser_Frequency_kHz,last30,31,-0.0013151222665699562,-0.039453667997098686,0.3979628928601482,-0.10107526881720431,0.43751367774909966,False,False
LD-01,Laser_Frequency_kHz,last21,22,-0.003753758701848,-0.078828932738808,0.19402492477629538,-0.20346320346320346,0.19701520944492798,False,False
LD-01,Laser_Frequency_kHz,last14,15,-0.004415619388148631,-0.06181867143408084,0.4169942952539469,-0.14285714285714288,0.4950508526248027,False,False
LD-01,Laser_Frequency_kHz,last7,8,-0.021670899927811894,-0.15169629949468325,0.17909455215666173,-0.3571428571428571,0.27509920634920637,False,False
LD-01,Power_Efficiency_pct,full,120,-1.6421251761004972e-05,-0.001954128959559592,0.578961759392356,-0.035854341736694675,0.5614631702518695,False,False
LD-01,Power_Efficiency_pct,last45,46,-0.0001001608825267959,-0.0045072397137058155,0.455061509599742,-0.07439613526570048,0.4659724913518163,False,False
LD-01,Power_Efficiency_pct,last30,31,-0.0004006988007744375,-0.012020964023233124,0.12198217736993813,-0.20430107526881724,0.11056798682472836,False,False
LD-01,Power_Efficiency_pct,last21,22,-0.0005691962493033287,-0.011953121235369903,0.17462700823749253,-0.2207792207792208,0.16029274039086885,False,False
LD-01,Power_Efficiency_pct,last14,15,-0.001182016545946902,-0.01654823164325663,0.12371315545160465,-0.29523809523809524,0.13946285911906778,False,False
LD-01,Power_Efficiency_pct,last7,8,-0.0032395640524890993,-0.022676948367423694,0.1423863445231444,-0.3571428571428571,0.27509920634920637,False,False
LD-01,Beam_Center_Offset_um,full,120,1.2724188248601576e-05,0.0015141784015835875,0.7534985144956696,0.04089635854341737,0.5077621667128496,False,False
LD-01,Beam_Center_Offset_um,last45,46,0.00010590089100521209,0.004765540095234544,0.5030566085318138,0.07246376811594203,0.4776350663093746,False,False
LD-01,Beam_Center_Offset_um,last30,31,0.00014194559075054444,0.004258367722516333,0.6230586607016273,0.07526881720430108,0.5663744539910857,False,False
LD-01,Beam_Center_Offset_um,last21,22,0.00027304487838555733,0.005733942446096704,0.5716364947620681,0.1341991341991342,0.4020304086977944,False,False
LD-01,Beam_Center_Offset_um,last14,15,-0.0004890041491312443,-0.00684605808783742,0.5988400388293607,0.04761904761904762,0.845841042458974,False,False
LD-01,Beam_Center_Offset_um,last7,8,-0.002719217735581766,-0.019034524149072363,0.2938386303421229,-0.14285714285714285,0.7195436507936508,False,False
LD-01,Feed_Speed_mm_s,full,120,-0.00031741250661381843,-0.03777208828704439,0.2408238233351599,-0.05938375350140055,0.33618324611077843,False,False
LD-01,Feed_Speed_mm_s,last45,46,0.00072101698692524,0.0324457644116358,0.5525634344818642,0.06280193236714976,0.5382708717315443,False,False
LD-01,Feed_Speed_mm_s,last30,31,4.645029071932714e-05,0.0013935087215798142,0.984692051676559,-0.015053763440860218,0.9194760457503081,False,False
LD-01,Feed_Speed_mm_s,last21,22,-0.004738298395522639,-0.09950426630597542,0.21953660261749752,-0.18614718614718614,0.23937855648715442,False,False
LD-01,Feed_Speed_mm_s,last14,15,-0.011346859445579987,-0.1588560322381198,0.07222400546499218,-0.3142857142857143,0.11424717239544455,False,False
LD-01,Feed_Speed_mm_s,last7,8,-0.007409460273831788,-0.05186622191682251,0.6270809683138895,-0.07142857142857142,0.9048611111111111,False,False
LD-01,Focus_Offset_um,full,120,-4.728708305817345e-06,-0.0005627162883922641,0.9468346305304682,-0.015966386554621848,0.7959597633198916,False,False
LD-01,Focus_Offset_um,last45,46,-6.279466471555562e-05,-0.002825759912200003,0.8460345155365091,-0.022222222222222227,0.8276102746091446,False,False
LD-01,Focus_Offset_um,last30,31,4.204238928347624e-05,0.001261271678504287,0.9454214683138525,0.010752688172043012,0.946267481980245,False,False
LD-01,Focus_Offset_um,last21,22,-0.00015095859275811416,-0.003170130447920397,0.8870869047015582,-0.08225108225108224,0.6157664135385533,False,False
LD-01,Focus_Offset_um,last14,15,-0.002237116928260634,-0.03131963699564888,0.24758823411659495,-0.2761904761904762,0.16857787367749338,False,False
LD-01,Focus_Offset_um,last7,8,-0.0020993434188685705,-0.014695403932079994,0.7537527376111286,-0.07142857142857142,0.9048611111111111,False,False
LD-01,Head_Temp_C,full,120,-5.48207030005756e-05,-0.006523663657068497,0.8090835820790636,-0.013445378151260503,0.8276230537904585,False,False
LD-01,Head_Temp_C,last45,46,0.0013870420221035855,0.06241689099466135,0.17185257143394203,0.11111111111111112,0.2762255700053524,False,False
LD-01,Head_Temp_C,last30,31,0.0004608175845921031,0.013824527537763094,0.8019870119075446,-0.015053763440860218,0.9194760457503081,False,False
LD-01,Head_Temp_C,last21,22,-0.0008507553394677426,-0.017865862128822595,0.7984518378796837,-0.11688311688311688,0.4680001686472355,False,False
LD-01,Head_Temp_C,last14,15,-0.004991186201651627,-0.06987660682312277,0.383074638681185,-0.21904761904761905,0.2815660702955676,False,False
LD-01,Head_Temp_C,last7,8,-0.02699941214131891,-0.18899588498923237,0.09702362206078892,-0.42857142857142855,0.17886904761904762,False,False
LD-01,Coolant_Flow_lpm,full,120,-2.7964022534356293e-05,-0.003327718681588399,0.7546171446574576,-0.019327731092436972,0.7542675996665832,False,False
LD-01,Coolant_Flow_lpm,last45,46,0.0005115280892376038,0.02301876401569217,0.18445452154398215,0.1458937198067633,0.15280574649473794,False,False
LD-01,Coolant_Flow_lpm,last30,31,0.00035897893148787764,0.01076936794463633,0.604264431431193,0.049462365591397855,0.7107751828753067,False,False
LD-01,Coolant_Flow_lpm,last21,22,-0.0004695338430133076,-0.00986021070327946,0.6576364959249982,-0.047619047619047616,0.7805448221723992,False,False
LD-01,Coolant_Flow_lpm,last14,15,-0.001906441260267387,-0.02669017764374342,0.3182092942315016,-0.14285714285714288,0.4950508526248027,False,False
LD-01,Coolant_Flow_lpm,last7,8,-0.005359187862225202,-0.037514315035576416,0.4031036842618553,-0.2857142857142857,0.39875992063492066,False,False
LD-01,Clean_Flow_lpm,full,120,1.1558393072685746e-05,0.0013754487756496038,0.8656480744707578,0.010364145658263305,0.8667014440177998,False,False
LD-01,Clean_Flow_lpm,last45,46,-7.572813920032465e-05,-0.0034077662640146092,0.7848762415903443,-0.02415458937198068,0.8128865904398033,False,False
LD-01,Clean_Flow_lpm,last30,31,0.00016915763365121938,0.005074729009536582,0.7323337680594187,0.06666666666666668,0.6129743231700835,False,False
LD-01,Clean_Flow_lpm,last21,22,-0.0007796234724480467,-0.01637209292140898,0.37718518399782675,-0.08225108225108224,0.6157664135385533,False,False
LD-01,Clean_Flow_lpm,last14,15,-0.0003918945953596558,-0.005486524335035181,0.7676687621526692,0.009523809523809525,1.0,False,False
LD-01,Clean_Flow_lpm,last7,8,-0.0017219237906019075,-0.012053466534213353,0.6532350588680936,-0.07142857142857142,0.9048611111111111,False,False
LD-01,Clean_Pressure_bar,full,120,1.1184778308842271e-05,0.0013309886187522304,0.6109101876343436,0.05826330532212885,0.34538019551742805,False,False
LD-01,Clean_Pressure_bar,last45,46,-6.126358118463602e-05,-0.0027568611533086208,0.5854434160662557,-0.051207729468599035,0.6157997388896345,False,False
LD-01,Clean_Pressure_bar,last30,31,-3.697358006360719e-05,-0.0011092074019082156,0.8669175075536849,0.0021505376344086026,1.0,False,False
LD-01,Clean_Pressure_bar,last21,22,-0.0002292214571403692,-0.004813650599947753,0.5411930909272602,-0.09090909090909091,0.5770090763883768,False,False
LD-01,Clean_Pressure_bar,last14,15,-0.0011995930795542667,-0.016794303113759734,0.08707509214377111,-0.3523809523809524,0.07433498084899375,False,False
LD-01,Clean_Pressure_bar,last7,8,-0.0017497115751889999,-0.012247981026323,0.396450718388311,-0.2857142857142857,0.39875992063492066,False,False
LD-01,Clean_Time_s,full,120,0.00014708231617690642,0.017502795625051863,0.3039350580751555,0.07338935574229691,0.2346136283575876,False,False
LD-01,Clean_Time_s,last45,46,-0.0003695321248262269,-0.01662894561718021,0.5338340199979571,-0.11690821256038648,0.2519415029621829,False,False
LD-01,Clean_Time_s,last30,31,-0.0011247390806095694,-0.03374217241828708,0.23640104896217862,-0.13978494623655915,0.2792487336967667,False,False
LD-01,Clean_Time_s,last21,22,-0.0024933704620416428,-0.0523607797028745,0.11376934117394014,-0.2727272727272727,0.08028526277549888,False,False
LD-01,Clean_Time_s,last14,15,-0.00364424534369633,-0.05101943481174862,0.1792633377144557,-0.3142857142857143,0.11424717239544455,False,False
LD-01,Clean_Time_s,last7,8,-0.009923543097583244,-0.06946480168308271,0.3028831032509276,-0.3571428571428571,0.27509920634920637,False,False
LD-01,Vibration_mm_s,full,120,5.3638581279408e-05,0.006382991172249552,0.06987761349132994,0.10980392156862745,0.07535450169453137,False,False
LD-01,Vibration_mm_s,last45,46,0.00016447483288399204,0.007401367479779642,0.18071334404685999,0.17681159420289855,0.08315402284648099,False,False
LD-01,Vibration_mm_s,last30,31,0.00035504662622453667,0.0106513987867361,0.10280340377998734,0.21720430107526886,0.08928060367510404,False,False
LD-01,Vibration_mm_s,last21,22,-0.00021695068900029466,-0.004555964469006188,0.5045433359948602,-0.03896103896103896,0.8236433617484156,False,False
LD-01,Vibration_mm_s,last14,15,0.000237847549713618,0.0033298656959906523,0.6416828388321488,0.10476190476190476,0.6264945175158468,False,False
LD-01,Vibration_mm_s,last7,8,-0.0021023163639984,-0.014716214547988798,0.0916113315668892,-0.42857142857142855,0.17886904761904762,False,False
LD-02,Laser_Power_W,full,120,-5.379575942143993e-06,-0.0006401695371151352,0.7995363478193682,-0.02829131652661064,0.646819831959474,False,False
LD-02,Laser_Power_W,last45,46,9.035338520568519e-05,0.004065902334255834,0.30221583397277363,0.11690821256038648,0.2519415029621829,False,False
LD-02,Laser_Power_W,last30,31,1.6628856101371767e-05,0.000498865683041153,0.9201548118810565,0.06666666666666668,0.6129743231700835,False,False
LD-02,Laser_Power_W,last21,22,-0.00034239695533944397,-0.007190336062128324,0.21190457761002304,-0.09956709956709957,0.5394123595200279,False,False
LD-02,Laser_Power_W,last14,15,-0.0006814292552672058,-0.009540009573740882,0.12430727428123776,-0.20000000000000004,0.3282335876694342,False,False
LD-02,Laser_Power_W,last7,8,-0.0021432519343684525,-0.015002763540579167,0.06193974533439088,-0.42857142857142855,0.17886904761904762,False,False
LD-02,Laser_Frequency_kHz,full,120,-0.0001913792832883719,-0.022774134711316257,0.34820465634864106,-0.06974789915966385,0.25865164682260333,False,False
LD-02,Laser_Frequency_kHz,last45,46,0.00040863484811507085,0.018388568165178188,0.6458437300262813,0.04927536231884058,0.6291839666274123,False,False
LD-02,Laser_Frequency_kHz,last30,31,-0.0010697631166418228,-0.032092893499254684,0.46037090016598403,-0.0924731182795699,0.4785251294432295,False,False
LD-02,Laser_Frequency_kHz,last21,22,-0.003940501436164476,-0.082750530159454,0.11328711571844047,-0.26406926406926406,0.09079907642795323,False,False
LD-02,Laser_Frequency_kHz,last14,15,-0.002742063243303759,-0.038388885406252626,0.5743958665362826,-0.12380952380952381,0.5589660721223221,False,False
LD-02,Laser_Frequency_kHz,last7,8,-0.0075573721617132605,-0.052901605131992824,0.5969917768727134,-0.07142857142857142,0.9048611111111111,False,False
LD-02,Power_Efficiency_pct,full,120,8.478767954283401e-07,0.00010089733865597247,0.9750898731636665,-0.008403361344537815,0.8917466292807801,False,False
LD-02,Power_Efficiency_pct,last45,46,0.00013620725320605338,0.006129326394272402,0.22003727568501477,0.13429951690821257,0.18814950810376052,False,False
LD-02,Power_Efficiency_pct,last30,31,0.00016478722696221563,0.004943616808866469,0.44406994356507373,0.12258064516129034,0.3441531311333978,False,False
LD-02,Power_Efficiency_pct,last21,22,0.00020915182328705027,0.004392188289028056,0.5658055457121443,0.09956709956709957,0.5394123595200279,False,False
LD-02,Power_Efficiency_pct,last14,15,0.0003343695488900725,0.004681173684461015,0.6033153227467701,0.028571428571428574,0.9225700904951897,False,False
LD-02,Power_Efficiency_pct,last7,8,-0.0017645991233029197,-0.012352193863120437,0.1774548075932293,-0.42857142857142855,0.17886904761904762,False,False
LD-02,Beam_Center_Offset_um,full,120,1.0083221677698175e-05,0.0011999033796460828,0.801676407864574,0.01848739495798319,0.7646289494740353,False,False
LD-02,Beam_Center_Offset_um,last45,46,0.00017799953745029778,0.0080099791852634,0.29301679056834185,0.07632850241545895,0.45446981266527,False,False
LD-02,Beam_Center_Offset_um,last30,31,0.00023500539296398675,0.0070501617889196025,0.5041337622166815,0.03655913978494624,0.7874429024058983,False,False
LD-02,Beam_Center_Offset_um,last21,22,-0.00022290289146356944,-0.004680960720734958,0.6916407343670885,-0.12554112554112554,0.4343099494437716,False,False
LD-02,Beam_Center_Offset_um,last14,15,-0.00021992224098854655,-0.0030789113738396517,0.8008521273367535,-0.14285714285714288,0.4950508526248027,False,False
LD-02,Beam_Center_Offset_um,last7,8,-0.0020294881000467763,-0.014206416700327434,0.4590585765985409,-0.2857142857142857,0.39875992063492066,False,False
LD-02,Feed_Speed_mm_s,full,120,-0.00010834132628496324,-0.012892617827910626,0.6911132183845606,-0.024649859943977587,0.6897382297343826,False,False
LD-02,Feed_Speed_mm_s,last45,46,0.0006167035887222522,0.02775166149250135,0.5917425777713382,0.06666666666666667,0.5135612972130861,False,False
LD-02,Feed_Speed_mm_s,last30,31,-0.0016320508799717419,-0.04896152639915226,0.46537538143716867,-0.11827956989247314,0.36174932276300503,False,False
LD-02,Feed_Speed_mm_s,last21,22,-0.005180388276204414,-0.10878815380029269,0.1540880532824063,-0.25541125541125537,0.10236227652840134,False,False
LD-02,Feed_Speed_mm_s,last14,15,-0.007254619407412527,-0.10156467170377538,0.22985722228834884,-0.2761904761904762,0.16857787367749338,False,False
LD-02,Feed_Speed_mm_s,last7,8,-0.018138851374783507,-0.12697195962348456,0.1392019231519839,-0.3571428571428571,0.27509920634920637,False,False
LD-02,Focus_Offset_um,full,120,2.8213178277552073e-05,0.0033573682150286966,0.6958881337160054,0.021288515406162462,0.7302653630016673,False,False
LD-02,Focus_Offset_um,last45,46,0.0001636395667827765,0.007363780505224943,0.6344085697455103,0.03768115942028986,0.7119354871322096,False,False
LD-02,Focus_Offset_um,last30,31,-3.332022135542344e-05,-0.0009996066406627031,0.9588864815539497,-0.04086021505376344,0.7616202077225781,False,False
LD-02,Focus_Offset_um,last21,22,0.0005964662982594747,0.012525792263448968,0.6148900201377978,0.0303030303030303,0.8672669832921104,False,False
LD-02,Focus_Offset_um,last14,15,-0.003748161902038765,-0.05247426662854271,0.017034363019688213,-0.40952380952380957,0.03589723736788882,False,False
LD-02,Focus_Offset_um,last7,8,-0.007269664987971129,-0.0508876549157979,0.0006106191686988343,-0.8571428571428571,0.001736111111111111,True,False
LD-02,Head_Temp_C,full,120,-0.0002718880911984418,-0.03235468285261457,0.22081348913628482,-0.0680672268907563,0.2703030654228944,False,False
LD-02,Head_Temp_C,last45,46,-0.0014825176341113201,-0.0667132935350094,0.13458202673479502,-0.14396135265700485,0.15831697957750634,False,False
LD-02,Head_Temp_C,last30,31,-0.003487843050174514,-0.10463529150523541,0.052025557077608676,-0.2602150537634409,0.04066639387189535,False,False
LD-02,Head_Temp_C,last21,22,-0.004917106784019169,-0.10325924246440255,0.07031628412639987,-0.341991341991342,0.02657260837891985,False,False
LD-02,Head_Temp_C,last14,15,-0.012004801352663208,-0.1680672189372849,0.00953802382694192,-0.6190476190476191,0.0008364083878716816,True,False
LD-02,Head_Temp_C,last7,8,-0.020928614752501344,-0.1465003032675094,0.012561541466776656,-0.7142857142857142,0.014136904761904762,False,False
LD-02,Coolant_Flow_lpm,full,120,-5.167754629411394e-05,-0.006149628008999559,0.517399644829128,-0.05742296918767507,0.35238215540475104,False,False
LD-02,Coolant_Flow_lpm,last45,46,-0.0002824380362580323,-0.012709711631611454,0.39231505926025256,-0.07439613526570048,0.4659724913518163,False,False
LD-02,Coolant_Flow_lpm,last30,31,9.49026638845992e-05,0.002847079916537976,0.861017704572815,0.049462365591397855,0.7107751828753067,False,False
LD-02,Coolant_Flow_lpm,last21,22,0.00016819326592989144,0.0035320585845277203,0.8498140325481227,0.05627705627705628,0.7380940484479567,False,False
LD-02,Coolant_Flow_lpm,last14,15,0.0002631748198642457,0.00368444747809944,0.8695871522039437,0.08571428571428572,0.6971814254173712,False,False
LD-02,Coolant_Flow_lpm,last7,8,-0.005923382626163744,-0.041463678383146206,0.2294786987315501,-0.2857142857142857,0.39875992063492066,False,False
LD-02,Clean_Flow_lpm,full,120,-4.764082737593409e-05,-0.005669258457736157,0.5046733088687764,-0.037815126050420166,0.5402566428433984,False,False
LD-02,Clean_Flow_lpm,last45,46,-4.5541643731745084e-05,-0.0020493739679285287,0.8711362889362819,-0.0106280193236715,0.917050574260857,False,False
LD-02,Clean_Flow_lpm,last30,31,2.7610154295917394e-05,0.0008283046288775219,0.9565428437763466,0.006451612903225807,0.9731187568658406,False,False
LD-02,Clean_Flow_lpm,last21,22,-0.00019187356400063773,-0.004029344844013393,0.8036166729749904,-0.047619047619047616,0.7805448221723992,False,False
LD-02,Clean_Flow_lpm,last14,15,-0.0008843873407860286,-0.0123814227710044,0.5041522656784793,-0.10476190476190476,0.6264945175158468,False,False
LD-02,Clean_Flow_lpm,last7,8,-0.007910875937701366,-0.05537613156390956,0.0275638159263101,-0.5714285714285714,0.06101190476190476,False,False
LD-02,Clean_Pressure_bar,full,120,-2.3719385478869644e-05,-0.002822606871985488,0.24577736892105886,-0.062184873949579826,0.3138872997447709,False,False
LD-02,Clean_Pressure_bar,last45,46,-3.785899632535841e-05,-0.0017036548346411285,0.6589249327850315,-0.008695652173913045,0.9320917644690463,False,False
LD-02,Clean_Pressure_bar,last30,31,1.9411871984321313e-06,5.823561595296394e-05,0.9875583594629073,0.03225806451612904,0.813497254103598,False,False
LD-02,Clean_Pressure_bar,last21,22,-5.454868581549572e-05,-0.0011455224021254102,0.8016121185014834,0.012987012987012986,0.9555771436337516,False,False
LD-02,Clean_Pressure_bar,last14,15,-0.0003450878045674629,-0.00483122926394448,0.4223417846910163,-0.12380952380952381,0.5589660721223221,False,False
LD-02,Clean_Pressure_bar,last7,8,-0.0016131698286818285,-0.011292188800772799,0.05328076719364958,-0.42857142857142855,0.17886904761904762,False,False
LD-02,Clean_Time_s,full,120,-0.00015798803461445848,-0.01880057611912056,0.29995761892975975,-0.05686274509803921,0.35709968549393334,False,False
LD-02,Clean_Time_s,last45,46,-0.00012914205420367917,-0.005811392439165563,0.8256342159292817,0.004830917874396136,0.9622416434573877,False,False
LD-02,Clean_Time_s,last30,31,-7.003183214027511e-05,-0.0021009549642082535,0.9501423101975603,0.027956989247311832,0.8397559694413963,False,False
LD-02,Clean_Time_s,last21,22,-0.0029126193372406004,-0.06116500608205261,0.13821440485737035,-0.2207792207792208,0.16029274039086885,False,False
LD-02,Clean_Time_s,last14,15,-0.00622544638564745,-0.0871562493990643,0.06910667172280954,-0.3523809523809524,0.07433498084899375,False,False
LD-02,Clean_Time_s,last7,8,0.0025150007544163734,0.017605005280914614,0.7760304084227949,0.0,1.0,False,False
LD-02,Vibration_mm_s,full,120,0.001957173338332187,0.23290362726153024,5.773955381693835e-57,0.77703081232493,2.5794767667110484e-36,True,True
LD-02,Vibration_mm_s,last45,46,0.0020423584207518533,0.0919061289338334,2.1881261916561944e-20,0.7816425120772947,1.863173978172736e-14,True,True
LD-02,Vibration_mm_s,last30,31,0.002087323378050983,0.0626197013415295,1.7858364985954666e-10,0.6903225806451614,1.7137602979422652e-09,True,True
LD-02,Vibration_mm_s,last21,22,0.00229575999998591,0.048210959999704116,4.811642069091856e-06,0.6277056277056278,1.3534064498516341e-05,True,True
LD-02,Vibration_mm_s,last14,15,0.0013005112837721179,0.01820715797280965,0.05405112439314427,0.37142857142857144,0.058995845051235264,False,True
LD-02,Vibration_mm_s,last7,8,0.0008464135064787117,0.005924894545350981,0.6521028598221045,0.21428571428571427,0.5484126984126985,False,True
LD-03,Laser_Power_W,full,120,-1.899622855402037e-05,-0.002260551197928424,0.3985935683732649,-0.07675070028011204,0.21386937701119546,False,False
LD-03,Laser_Power_W,last45,46,1.442092574248979e-05,0.0006489416584120406,0.8716757716632334,0.0009661835748792271,0.9924456207213618,False,False
LD-03,Laser_Power_W,last30,31,-0.00012890337436874882,-0.0038671012310624647,0.36478149098867513,-0.13978494623655915,0.2792487336967667,False,False
LD-03,Laser_Power_W,last21,22,-0.00026186403591585465,-0.005499144754232948,0.24305825371142548,-0.2207792207792208,0.16029274039086885,False,False
LD-03,Laser_Power_W,last14,15,-8.854122589694312e-05,-0.0012395771625572038,0.8385749388748653,-0.009523809523809525,1.0,False,False
LD-03,Laser_Power_W,last7,8,-0.0007316064272217458,-0.005121244990552221,0.5592011827973806,-0.14285714285714285,0.7195436507936508,False,False
LD-03,Laser_Frequency_kHz,full,120,-0.0005623492110898085,-0.06691955611968721,0.01884150957552,-0.138375350140056,0.025024672971906154,False,False
LD-03,Laser_Frequency_kHz,last45,46,-1.3298230373346085e-05,-0.0005984203668005739,0.989874416170393,0.0106280193236715,0.917050574260857,False,False
LD-03,Laser_Frequency_kHz,last30,31,-0.0007418533112079667,-0.022255599336239003,0.7107397923576685,-0.015053763440860218,0.9194760457503081,False,False
LD-03,Laser_Frequency_kHz,last21,22,-0.005401170895992631,-0.11342458881584525,0.1064538145309754,-0.23809523809523808,0.12887799882436143,False,False
LD-03,Laser_Frequency_kHz,last14,15,-0.009218578645173534,-0.1290601010324295,0.06746757866580043,-0.2571428571428572,0.20184282422518202,False,False
LD-03,Laser_Frequency_kHz,last7,8,-0.007431228964205634,-0.05201860274943944,0.428592570682905,-0.2857142857142857,0.39875992063492066,False,False
LD-03,Power_Efficiency_pct,full,120,1.754430766935736e-05,0.002087772612653526,0.5543643282364581,0.036694677871148454,0.5523255089999968,False,False
LD-03,Power_Efficiency_pct,last45,46,0.00011266486500873163,0.005069918925392923,0.3280652212243869,0.1033816425120773,0.31101610273875624,False,False
LD-03,Power_Efficiency_pct,last30,31,-9.376653685530373e-05,-0.0028129961056591116,0.663770045345675,-0.03225806451612904,0.813497254103598,False,False
LD-03,Power_Efficiency_pct,last21,22,-0.0003544306766518355,-0.007443044209688545,0.30626201060852964,-0.1341991341991342,0.4020304086977944,False,False
LD-03,Power_Efficiency_pct,last14,15,-0.0002957433467677057,-0.004140406854747879,0.6637944597175333,-0.009523809523809525,1.0,False,False
LD-03,Power_Efficiency_pct,last7,8,-0.0037400703127669238,-0.026180492189368465,0.05247877957908563,-0.5714285714285714,0.06101190476190476,False,False
LD-03,Beam_Center_Offset_um,full,120,1.0904860011606137e-05,0.0012976783413811302,0.7919575080849668,0.0053221288515406156,0.9313128837436386,False,False
LD-03,Beam_Center_Offset_um,last45,46,-4.1952483099403486e-05,-0.0018878617394731568,0.8017676167934372,-0.058937198067632854,0.5635630692255738,False,False
LD-03,Beam_Center_Offset_um,last30,31,-0.00026895078523934176,-0.008068523557180253,0.3865647612085341,-0.13118279569892474,0.31060267097628474,False,False
LD-03,Beam_Center_Offset_um,last21,22,-0.0005468592903656198,-0.011484045097678017,0.3167128190865743,-0.14285714285714285,0.3711989339777388,False,False
LD-03,Beam_Center_Offset_um,last14,15,-0.000864985150049472,-0.012109792100692608,0.24065373847210328,-0.2571428571428572,0.20184282422518202,False,False
LD-03,Beam_Center_Offset_um,last7,8,-0.002917970120514152,-0.02042579084359906,0.23088851045077616,-0.3571428571428571,0.27509920634920637,False,False
LD-03,Feed_Speed_mm_s,full,120,0.00018375730085830796,0.02186711880213865,0.4616042117974336,0.04033613445378151,0.5135930110550229,False,False
LD-03,Feed_Speed_mm_s,last45,46,0.000860847439673769,0.03873813478531961,0.455159833567722,0.0995169082125604,0.3294513237236234,False,False
LD-03,Feed_Speed_mm_s,last30,31,0.002998060336065509,0.08994181008196528,0.12327341322068466,0.18279569892473121,0.15452856918581126,False,False
LD-03,Feed_Speed_mm_s,last21,22,0.0006035289215092589,0.012674107351694436,0.8487072622796391,0.0303030303030303,0.8672669832921104,False,False
LD-03,Feed_Speed_mm_s,last14,15,0.004386715115169742,0.06141401161237639,0.4702082649288222,0.18095238095238098,0.3794503959627968,False,False
LD-03,Feed_Speed_mm_s,last7,8,-0.014415125838721246,-0.10090588087104872,0.3991749009056136,-0.14285714285714285,0.7195436507936508,False,False
LD-03,Focus_Offset_um,full,120,7.024199660685063e-05,0.008358797596215224,0.32708799668400396,0.05826330532212885,0.34538019551742805,False,False
LD-03,Focus_Offset_um,last45,46,-0.0001972087507223373,-0.008874393782505178,0.5601276984403699,-0.04154589371980676,0.6839121228933811,False,False
LD-03,Focus_Offset_um,last30,31,-0.00018925066577837527,-0.005677519973351258,0.779250805732459,0.0021505376344086026,1.0,False,False
LD-03,Focus_Offset_um,last21,22,-0.0010185630315813195,-0.02138982366320771,0.3679299187340122,-0.14285714285714285,0.3711989339777388,False,False
LD-03,Focus_Offset_um,last14,15,-0.001315884472378764,-0.018422382613302694,0.4523709544217993,-0.12380952380952381,0.5589660721223221,False,False
LD-03,Focus_Offset_um,last7,8,0.0003665060430874812,0.0025655423016123684,0.8964432946083902,0.14285714285714285,0.7195436507936508,False,False
LD-03,Head_Temp_C,full,120,4.727323939905098e-05,0.005625515488487066,0.8338893427443673,0.023809523809523808,0.6997922737193027,False,False
LD-03,Head_Temp_C,last45,46,0.00038308589755910177,0.01723886539015958,0.6773066174779491,0.08405797101449276,0.4100934398126739,False,False
LD-03,Head_Temp_C,last30,31,-0.00010803087317445121,-0.0032409261952335362,0.9515530668849508,0.03655913978494624,0.7874429024058983,False,False
LD-03,Head_Temp_C,last21,22,-0.0015590893717566546,-0.032740876806889745,0.6390803692997343,-0.03896103896103896,0.8236433617484156,False,False
LD-03,Head_Temp_C,last14,15,-0.005818525999581198,-0.08145936399413677,0.38186071975399377,-0.21904761904761905,0.2815660702955676,False,False
LD-03,Head_Temp_C,last7,8,-0.02644985489382744,-0.18514898425679208,0.07288277008470737,-0.5714285714285714,0.06101190476190476,False,False
LD-03,Coolant_Flow_lpm,full,120,3.864962183772701e-05,0.004599304998689514,0.6657254009776484,0.029131652661064426,0.6370738121809236,False,False
LD-03,Coolant_Flow_lpm,last45,46,0.000326136084442937,0.014676123799932165,0.39411802494701265,0.10144927536231885,0.3201469546834197,False,False
LD-03,Coolant_Flow_lpm,last30,31,0.00032405121740698966,0.00972153652220969,0.6495491996865207,0.10967741935483873,0.3985669255500403,False,False
LD-03,Coolant_Flow_lpm,last21,22,-0.001567615341948481,-0.032919922180918104,0.23674895232352242,-0.20346320346320346,0.19701520944492798,False,False
LD-03,Coolant_Flow_lpm,last14,15,-0.004125513127660429,-0.05775718378724601,0.06689348381613208,-0.29523809523809524,0.13946285911906778,False,False
LD-03,Coolant_Flow_lpm,last7,8,-0.0013799938902021793,-0.009659957231415255,0.7985130661972883,0.21428571428571427,0.5484126984126985,False,False
LD-03,Clean_Flow_lpm,full,120,-0.0041415033082503995,-0.49283889368179756,2.0941951693581564e-71,-0.8705882352941176,3.831037448130413e-45,True,True
LD-03,Clean_Flow_lpm,last45,46,-0.002980130828947988,-0.13410588730265946,2.8649461462212904e-12,-0.6309178743961353,6.301314773650868e-10,True,True
LD-03,Clean_Flow_lpm,last30,31,-0.003069877742020976,-0.09209633226062927,1.7392303871570056e-06,-0.5225806451612904,1.623400723726049e-05,True,True
LD-03,Clean_Flow_lpm,last21,22,-0.004081126293227441,-0.08570365215777626,0.00011641228485780277,-0.4978354978354978,0.0008745419654039282,True,True
LD-03,Clean_Flow_lpm,last14,15,-0.005430192862829628,-0.0760227000796148,0.004474859509866714,-0.5047619047619049,0.008269998948239689,True,True
LD-03,Clean_Flow_lpm,last7,8,-0.009162036718827385,-0.0641342570317917,0.04571976928918718,-0.5714285714285714,0.06101190476190476,False,True
LD-03,Clean_Pressure_bar,full,120,-1.314982390809272e-05,-0.0015648290450630336,0.5738361059953764,-0.0226890756302521,0.7132796776639406,False,False
LD-03,Clean_Pressure_bar,last45,46,-1.929749753638302e-05,-0.0008683873891372359,0.846923956626443,-0.008695652173913045,0.9320917644690463,False,False
LD-03,Clean_Pressure_bar,last30,31,0.0002189340889568009,0.006568022668704028,0.18969341794351022,0.18279569892473121,0.15452856918581126,False,False
LD-03,Clean_Pressure_bar,last21,22,-6.908864190879757e-05,-0.001450861480084749,0.811344604837452,-0.0303030303030303,0.8672669832921104,False,False
LD-03,Clean_Pressure_bar,last14,15,-0.000290525094592369,-0.004067351324293166,0.635665444957494,-0.06666666666666668,0.770495669755301,False,False
LD-03,Clean_Pressure_bar,last7,8,-0.0025716310732288015,-0.01800141751260161,0.058673596851191175,-0.42857142857142855,0.17886904761904762,False,False
LD-03,Clean_Time_s,full,120,8.415117205751045e-05,0.010013989474843743,0.6059219740991022,0.026050420168067228,0.6731033102491262,False,False
LD-03,Clean_Time_s,last45,46,0.00028378300614498287,0.012770235276524228,0.6711732505127983,0.02995169082125604,0.7691302888844245,False,False
LD-03,Clean_Time_s,last30,31,0.001227483402280733,0.036824502068421985,0.32684912939161775,0.10107526881720431,0.43751367774909966,False,False
LD-03,Clean_Time_s,last21,22,0.0018764913634184543,0.03940631863178754,0.34477251809750975,0.12554112554112554,0.4343099494437716,False,False
LD-03,Clean_Time_s,last14,15,0.002669402631167499,0.037371636836344986,0.4839984974357381,0.18095238095238098,0.3794503959627968,False,False
LD-03,Clean_Time_s,last7,8,-0.004893000917391807,-0.03425100642174265,0.595065642880111,-0.14285714285714285,0.7195436507936508,False,False
LD-03,Vibration_mm_s,full,120,-2.1319557763604106e-05,-0.0025370273738688884,0.4910538635454787,-0.023249299719887952,0.7065244567848195,False,False
LD-03,Vibration_mm_s,last45,46,0.00015301085622286,0.0068854885300287,0.2185073430929952,0.11111111111111112,0.2762255700053524,False,False
LD-03,Vibration_mm_s,last30,31,0.0005418105684396399,0.016254317053189197,0.014395644666172732,0.2731182795698925,0.0313913267401709,False,False
LD-03,Vibration_mm_s,last21,22,0.00011268760889767776,0.002366439786851233,0.7107928175356096,0.021645021645021644,0.9112884689584274,False,False
LD-03,Vibration_mm_s,last14,15,-0.00043052700584458035,-0.006027378081824125,0.4399384751852101,-0.20000000000000004,0.3282335876694342,False,False
LD-03,Vibration_mm_s,last7,8,-0.0022932110157131264,-0.016052477109991886,0.17169572914006426,-0.42857142857142855,0.17886904761904762,False,False
LD-04,Laser_Power_W,full,120,-2.8066010467272423e-05,-0.0033398552456054185,0.1664702727384875,-0.1061624649859944,0.08555496949992412,False,False
LD-04,Laser_Power_W,last45,46,-4.7966110877618076e-05,-0.0021584749894928133,0.6062211686408251,-0.0956521739130435,0.3485800790004243,False,False
LD-04,Laser_Power_W,last30,31,-0.00017507963640077889,-0.005252389092023367,0.3061203847819812,-0.1655913978494624,0.19819273485292443,False,False
LD-04,Laser_Power_W,last21,22,-0.00033570143140219347,-0.007049730059446063,0.2900987794468641,-0.11688311688311688,0.4680001686472355,False,False
LD-04,Laser_Power_W,last14,15,-0.0008612753837321866,-0.012057855372250613,0.09298941808206149,-0.2761904761904762,0.16857787367749338,False,False
LD-04,Laser_Power_W,last7,8,-0.001756983667106262,-0.012298885669743834,0.03632986950833699,-0.5714285714285714,0.06101190476190476,False,False
LD-04,Laser_Frequency_kHz,full,120,1.7207606798698693e-05,0.0020477052090451444,0.9347422459643671,0.017927170868347338,0.7715601274357818,False,False
LD-04,Laser_Frequency_kHz,last45,46,0.00045063804230410434,0.020278711903684694,0.618258284999314,0.022222222222222227,0.8276102746091446,False,False
LD-04,Laser_Frequency_kHz,last30,31,0.00022731702166170646,0.006819510649851194,0.8860855381924718,-0.023655913978494626,0.8661910987828696,False,False
LD-04,Laser_Frequency_kHz,last21,22,-0.0035013521990041605,-0.07352839617908737,0.11155052065812644,-0.25541125541125537,0.10236227652840134,False,False
LD-04,Laser_Frequency_kHz,last14,15,-0.003418544472331827,-0.04785962261264558,0.3896555303701053,-0.23809523809523814,0.23945881568583288,False,False
LD-04,Laser_Frequency_kHz,last7,8,-0.004941154735517965,-0.034588083148625756,0.6784279782525129,-0.2857142857142857,0.39875992063492066,False,False
LD-04,Power_Efficiency_pct,full,120,1.1839251126923416e-05,0.0014088708841038865,0.6705521944201243,0.039215686274509796,0.525358404466242,False,False
LD-04,Power_Efficiency_pct,last45,46,-6.731266164581617e-05,-0.003029069774061728,0.5751033641860606,-0.11884057971014494,0.24418796097375184,False,False
LD-04,Power_Efficiency_pct,last30,31,-0.0001277357462422932,-0.0038320723872687958,0.5409855113629907,-0.11827956989247314,0.36174932276300503,False,False
LD-04,Power_Efficiency_pct,last21,22,-0.0002200711311216941,-0.004621493753555576,0.5766618822219008,-0.10822510822510822,0.5030535233842987,False,False
LD-04,Power_Efficiency_pct,last14,15,1.3082993503538935e-06,1.831619090495451e-05,0.9985475797799898,0.08571428571428572,0.6971814254173712,False,False
LD-04,Power_Efficiency_pct,last7,8,-0.0022966519268184777,-0.016076563487729345,0.10611744703263738,-0.2857142857142857,0.39875992063492066,False,False
LD-04,Beam_Center_Offset_um,full,120,-2.261304758459611e-05,-0.002690952662566937,0.5969701231487967,-0.056302521008403356,0.36185679701747087,False,False
LD-04,Beam_Center_Offset_um,last45,46,-0.000103496380967125,-0.004657337143520625,0.6029457600499636,-0.060869565217391314,0.5508455521061248,False,False
LD-04,Beam_Center_Offset_um,last30,31,-8.410180436024987e-05,-0.002523054130807496,0.8189429694017825,-0.04516129032258065,0.7360557234059398,False,False
LD-04,Beam_Center_Offset_um,last21,22,-0.0006143400163994788,-0.012901140344389054,0.3499475666457258,-0.16017316017316016,0.31397950542939346,False,False
LD-04,Beam_Center_Offset_um,last14,15,-0.0022844667168932108,-0.03198253403650495,0.057578100910184865,-0.3523809523809524,0.07433498084899375,False,False
LD-04,Beam_Center_Offset_um,last7,8,-0.002446736299414872,-0.017127154095904103,0.39505190316401534,-0.3571428571428571,0.27509920634920637,False,False
LD-04,Feed_Speed_mm_s,full,120,-0.00019762456842554308,-0.023517323642639625,0.4327180344219735,-0.04817927170868346,0.43522917609586287,False,False
LD-04,Feed_Speed_mm_s,last45,46,-0.0018285491526718774,-0.08228471187023448,0.10191221368267404,-0.17681159420289855,0.08315402284648099,False,False
LD-04,Feed_Speed_mm_s,last30,31,-0.00011296475593929753,-0.0033889426781789256,0.9560519165185911,-0.023655913978494626,0.8661910987828696,False,False
LD-04,Feed_Speed_mm_s,last21,22,-0.001568941012464529,-0.03294776126175511,0.6098915373981871,-0.047619047619047616,0.7805448221723992,False,False
LD-04,Feed_Speed_mm_s,last14,15,-0.00029199281105109416,-0.004087899354715319,0.9551833597425232,0.009523809523809525,1.0,False,False
LD-04,Feed_Speed_mm_s,last7,8,-0.0300540678734307,-0.2103784751140149,0.047083259989821095,-0.3571428571428571,0.27509920634920637,False,False
LD-04,Focus_Offset_um,full,120,-0.00010334681765145763,-0.012298271300523458,0.17405969810769611,-0.10084033613445377,0.1024409890290606,False,False
LD-04,Focus_Offset_um,last45,46,0.00041497874432107036,0.018674043494448168,0.23996373241735794,0.11304347826086958,0.2679595343566348,False,False
LD-04,Focus_Offset_um,last30,31,0.0005320905176302807,0.01596271552890842,0.45621534189579643,0.10107526881720431,0.43751367774909966,False,False
LD-04,Focus_Offset_um,last21,22,-0.0004943057080822342,-0.010380419869726919,0.6883041853952374,-0.07359307359307359,0.6555978590524786,False,False
LD-04,Focus_Offset_um,last14,15,-0.0020296090613314602,-0.028414526858640442,0.3537983982243923,-0.12380952380952381,0.5589660721223221,False,False
LD-04,Focus_Offset_um,last7,8,-0.005731519871718114,-0.0401206391020268,0.17958399938819866,-0.2857142857142857,0.39875992063492066,False,False
LD-04,Head_Temp_C,full,120,-0.0003807885546202185,-0.045313837999806005,0.04755155834796183,-0.1165266106442577,0.05913664078480273,False,False
LD-04,Head_Temp_C,last45,46,-0.00047275457245740855,-0.021273955760583385,0.6067779386770016,-0.02415458937198068,0.8128865904398033,False,False
LD-04,Head_Temp_C,last30,31,8.462479466330271e-05,0.0025387438398990813,0.9560337001834347,-0.015053763440860218,0.9194760457503081,False,False
LD-04,Head_Temp_C,last21,22,-0.002723816324956161,-0.05720014282407938,0.24215547538726453,-0.1948051948051948,0.21747455727039447,False,False
LD-04,Head_Temp_C,last14,15,-0.005544240957860629,-0.0776193734100488,0.192723565966351,-0.2571428571428572,0.20184282422518202,False,False
LD-04,Head_Temp_C,last7,8,-0.011204658766082237,-0.07843261136257566,0.2896709828970191,-0.2857142857142857,0.39875992063492066,False,False
LD-04,Coolant_Flow_lpm,full,120,2.8806904956986126e-05,0.003428021689881349,0.733177251372895,0.025210084033613443,0.6830657015435819,False,False
LD-04,Coolant_Flow_lpm,last45,46,0.0003833247735234358,0.01724961480855461,0.2329022613329838,0.10531400966183575,0.302058744412545,False,False
LD-04,Coolant_Flow_lpm,last30,31,0.0002855718237290848,0.008567154711872544,0.5957065910177007,0.04516129032258065,0.7360557234059398,False,False
LD-04,Coolant_Flow_lpm,last21,22,-0.0005014414798902693,-0.010530271077695654,0.6273481354789704,-0.05627705627705628,0.7380940484479567,False,False
LD-04,Coolant_Flow_lpm,last14,15,-0.0012363142699814628,-0.01730839977974048,0.5059604134865435,-0.18095238095238098,0.3794503959627968,False,False
LD-04,Coolant_Flow_lpm,last7,8,0.0032056949230482986,0.02243986446133809,0.506353978511067,0.21428571428571427,0.5484126984126985,False,False
LD-04,Clean_Flow_lpm,full,120,1.8968469058617334e-05,0.002257247817975463,0.7693352082862452,0.022128851540616244,0.7200574572362877,False,False
LD-04,Clean_Flow_lpm,last45,46,9.5486149776846e-05,0.0042968767399580695,0.763685078021982,0.05507246376811595,0.5894145254666981,False,False
LD-04,Clean_Flow_lpm,last30,31,0.001074648167347374,0.03223944502042122,0.024244684425018304,0.29462365591397854,0.019894582211696026,False,False
LD-04,Clean_Flow_lpm,last21,22,0.0016314912908379543,0.03426131710759704,0.05073677682970714,0.316017316017316,0.041288634586930426,False,False
LD-04,Clean_Flow_lpm,last14,15,-0.0016983127067978618,-0.023776377895170064,0.21394823621218245,-0.2571428571428572,0.20184282422518202,False,False
LD-04,Clean_Flow_lpm,last7,8,-0.0008628938171023561,-0.006040256719716493,0.8382863353319353,-0.14285714285714285,0.7195436507936508,False,False
LD-04,Clean_Pressure_bar,full,120,-2.902245781877291e-05,-0.0034536724804339765,0.22128760052550958,-0.04677871148459383,0.4486950687454937,False,False
LD-04,Clean_Pressure_bar,last45,46,-5.1261081608457516e-05,-0.0023067486723805882,0.6449066472782098,-0.04347826086956522,0.6700591483829517,False,False
LD-04,Clean_Pressure_bar,last30,31,-4.3961690178352886e-05,-0.0013188507053505866,0.8167426949763599,0.027956989247311832,0.8397559694413963,False,False
LD-04,Clean_Pressure_bar,last21,22,-0.0003303757742681108,-0.006937891259630327,0.2607071784770769,-0.10822510822510822,0.5030535233842987,False,False
LD-04,Clean_Pressure_bar,last14,15,-0.0011030164268146165,-0.01544222997540463,0.06007678330409515,-0.29523809523809524,0.13946285911906778,False,False
LD-04,Clean_Pressure_bar,last7,8,-0.0033897805322868797,-0.023728463726008158,0.042451845467928954,-0.5714285714285714,0.06101190476190476,False,False
LD-04,Clean_Time_s,full,120,-8.333381997754558e-05,-0.009916724577327923,0.6164416842886817,-0.029691876750700275,0.6306110331662738,False,False
LD-04,Clean_Time_s,last45,46,-0.0005139794940967712,-0.023129077234354704,0.5175874021197232,-0.0821256038647343,0.42093919726419227,False,False
LD-04,Clean_Time_s,last30,31,-0.0012478751562825761,-0.037436254688477284,0.3577177189060479,-0.13118279569892474,0.31060267097628474,False,False
LD-04,Clean_Time_s,last21,22,-0.0012015085468118658,-0.02523167948304918,0.5914116244519187,-0.1515151515151515,0.34184283041857333,False,False
LD-04,Clean_Time_s,last14,15,0.00021218969666497245,0.0029706557533096143,0.9568000627988213,-0.009523809523809525,1.0,False,False
LD-04,Clean_Time_s,last7,8,-0.006225300462451024,-0.04357710323715717,0.4493111099178426,-0.14285714285714285,0.7195436507936508,False,False
LD-04,Vibration_mm_s,full,120,-8.451868089450754e-06,-0.0010057723026446396,0.7870164800885017,0.0014005602240896356,0.9819036107500836,False,False
LD-04,Vibration_mm_s,last45,46,7.14494770013959e-06,0.00032152264650628154,0.9597918547684415,0.06666666666666667,0.5135612972130861,False,False
LD-04,Vibration_mm_s,last30,31,-8.348627752046208e-05,-0.002504588325613862,0.7365031925671328,0.01935483870967742,0.8927741234198122,False,False
LD-04,Vibration_mm_s,last21,22,-0.0005274442844666266,-0.011076329973799159,0.2103863677998994,-0.09956709956709957,0.5394123595200279,False,False
LD-04,Vibration_mm_s,last14,15,-0.0003693987620301308,-0.005171582668421831,0.6063295587792892,-0.009523809523809525,1.0,False,False
LD-04,Vibration_mm_s,last7,8,-1.1821882838464193e-05,-8.275317986924935e-05,0.995429471931574,0.2857142857142857,0.39875992063492066,False,False
LD-05,Laser_Power_W,full,120,-1.5651868123032432e-06,-0.00018625723066408592,0.933977651628838,-0.009523809523809523,0.8774202232928916,False,False
LD-05,Laser_Power_W,last45,46,-6.360693704583176e-05,-0.002862312167062429,0.45132426938102455,-0.06473429951690822,0.5258418813294821,False,False
LD-05,Laser_Power_W,last30,31,-0.00012788286454301062,-0.0038364859362903184,0.4189850817650318,-0.10967741935483873,0.3985669255500403,False,False
LD-05,Laser_Power_W,last21,22,-0.0005434007895948373,-0.011411416581491583,0.06902042907637951,-0.24675324675324675,0.11503559714073973,False,False
LD-05,Laser_Power_W,last14,15,-0.0007442376128902797,-0.010419326580463916,0.11728582052588622,-0.21904761904761905,0.2815660702955676,False,False
LD-05,Laser_Power_W,last7,8,-0.0011966370795975696,-0.008376459557182987,0.17746927619187766,-0.3571428571428571,0.27509920634920637,False,False
LD-05,Laser_Frequency_kHz,full,120,0.0002981020307623583,0.03547414166072063,0.22478327173135412,0.07450980392156863,0.22754617242433894,False,False
LD-05,Laser_Frequency_kHz,last45,46,0.001884069442091685,0.08478312489412583,0.07328381224086795,0.19806763285024157,0.05226178033042936,False,False
LD-05,Laser_Frequency_kHz,last30,31,-0.00012758724508955078,-0.0038276173526865234,0.9442335460132877,0.015053763440860218,0.9194760457503081,False,False
LD-05,Laser_Frequency_kHz,last21,22,0.002048830700165419,0.043025444703473796,0.471069266090325,0.12554112554112554,0.4343099494437716,False,False
LD-05,Laser_Frequency_kHz,last14,15,0.004064331425423617,0.05690063995593064,0.4711968145269538,0.21904761904761905,0.2815660702955676,False,False
LD-05,Laser_Frequency_kHz,last7,8,0.0009593573808401974,0.006715501665881382,0.9561114343439393,0.14285714285714285,0.7195436507936508,False,False
LD-05,Power_Efficiency_pct,full,120,-0.0019216045251362172,-0.22867093849120984,3.261610934216606e-72,-0.8319327731092435,2.2445065706761008e-41,True,True
LD-05,Power_Efficiency_pct,last45,46,-0.0013615431391661263,-0.06126944126247569,1.8847772838094977e-14,-0.685024154589372,1.907681963476234e-11,True,True
LD-05,Power_Efficiency_pct,last30,31,-0.001324807476728353,-0.039744224301850595,1.1031349937258705e-06,-0.5655913978494624,2.3468374678001507e-06,True,True
LD-05,Power_Efficiency_pct,last21,22,-0.0015845652894612389,-0.033275871078686015,0.0005836390685353198,-0.5151515151515151,0.0005440949983368612,True,True
LD-05,Power_Efficiency_pct,last14,15,-0.0030875543873542756,-0.043225761422959856,0.0001462042101903498,-0.6761904761904762,0.00019989992034469547,True,True
LD-05,Power_Efficiency_pct,last7,8,-0.003972788580940275,-0.027809520066581925,0.034375143129341805,-0.5714285714285714,0.06101190476190476,False,True
LD-05,Beam_Center_Offset_um,full,120,-2.9545556721915437e-05,-0.003515921249907937,0.5002113840417528,-0.026610644257703077,0.6664933099630123,False,False
LD-05,Beam_Center_Offset_um,last45,46,4.158642764937451e-05,0.0018713892442218528,0.8256274882192144,0.02995169082125604,0.7691302888844245,False,False
LD-05,Beam_Center_Offset_um,last30,31,-8.935002740161019e-05,-0.0026805008220483055,0.794660546112653,-0.027956989247311832,0.8397559694413963,False,False
LD-05,Beam_Center_Offset_um,last21,22,-0.0006066173412421071,-0.012738964166084249,0.22248855410134144,-0.1948051948051948,0.21747455727039447,False,False
LD-05,Beam_Center_Offset_um,last14,15,-0.00019645545594656422,-0.002750376383251899,0.816418433586791,0.04761904761904762,0.845841042458974,False,False
LD-05,Beam_Center_Offset_um,last7,8,-0.0030057871025482488,-0.02104050971783774,0.234189036487899,-0.4999999999999999,0.10868055555555556,False,False
LD-05,Feed_Speed_mm_s,full,120,-9.082249621375732e-05,-0.010807877049437122,0.7377072243322483,0.0,1.0,False,False
LD-05,Feed_Speed_mm_s,last45,46,0.00017503081139785348,0.007876386512903406,0.9009903015685281,0.02028985507246377,0.8423947985404165,False,False
LD-05,Feed_Speed_mm_s,last30,31,0.001552800393539904,0.04658401180619712,0.57349983149316,0.0881720430107527,0.4997789602585872,False,False
LD-05,Feed_Speed_mm_s,last21,22,-0.0007447922144393442,-0.015640636503226227,0.8738968296003765,-0.05627705627705628,0.7380940484479567,False,False
LD-05,Feed_Speed_mm_s,last14,15,-0.012747378148678986,-0.1784632940815058,0.11035544499300155,-0.3523809523809524,0.07433498084899375,False,False
LD-05,Feed_Speed_mm_s,last7,8,-0.03247040877514876,-0.2272928614260413,0.11644726216770256,-0.6428571428571428,0.03115079365079365,False,False
LD-05,Focus_Offset_um,full,120,-3.5739731953120535e-05,-0.004253028102421344,0.6224906181216889,-0.03249299719887955,0.5987271595448422,False,False
LD-05,Focus_Offset_um,last45,46,-0.000275428603554988,-0.01239428715997446,0.3924761144470104,-0.08019323671497586,0.43195150280007366,False,False
LD-05,Focus_Offset_um,last30,31,-0.0009335152160692377,-0.02800545648207713,0.061744619533314435,-0.19569892473118283,0.1268163608618809,False,False
LD-05,Focus_Offset_um,last21,22,-0.0018903236617534044,-0.03969679689682149,0.037243940064528476,-0.316017316017316,0.041288634586930426,False,False
LD-05,Focus_Offset_um,last14,15,-0.0032136263250338967,-0.044990768550474555,0.06304173007724408,-0.33333333333333337,0.09264256691158146,False,False
LD-05,Focus_Offset_um,last7,8,-0.004954260849094309,-0.03467982594366016,0.19253923026391892,-0.2857142857142857,0.39875992063492066,False,False
LD-05,Head_Temp_C,full,120,4.988190739846887e-05,0.005935946980417796,0.8456936493234388,0.019887955182072828,0.747384396011846,False,False
LD-05,Head_Temp_C,last45,46,0.0012538069000593022,0.0564213105026686,0.24125404512119147,0.12270531400966185,0.2291871825467684,False,False
LD-05,Head_Temp_C,last30,31,0.0009007951420958536,0.027023854262875607,0.6536727812077665,0.06666666666666668,0.6129743231700835,False,False
LD-05,Head_Temp_C,last21,22,-0.0004323818657909664,-0.009080019181610294,0.9018763930597591,0.012987012987012986,0.9555771436337516,False,False
LD-05,Head_Temp_C,last14,15,-0.00038947587678382433,-0.005452662274973541,0.9596309398813633,0.028571428571428574,0.9225700904951897,False,False
LD-05,Head_Temp_C,last7,8,-0.021710718901386095,-0.15197503230970266,0.22266864489648602,-0.3571428571428571,0.27509920634920637,False,False
LD-05,Coolant_Flow_lpm,full,120,9.476765337218453e-05,0.01127735075128996,0.30677011468364906,0.06526610644257702,0.2905115474097907,False,False
LD-05,Coolant_Flow_lpm,last45,46,0.00020025444380483793,0.009011449971217706,0.6304701642118761,0.06666666666666667,0.5135612972130861,False,False
LD-05,Coolant_Flow_lpm,last30,31,0.00011194197791644601,0.00335825933749338,0.892134515872846,-0.015053763440860218,0.9194760457503081,False,False
LD-05,Coolant_Flow_lpm,last21,22,-0.0011512179107344435,-0.024175576125423315,0.33050110425685847,-0.1774891774891775,0.26275316600189397,False,False
LD-05,Coolant_Flow_lpm,last14,15,-0.0027498965453198613,-0.03849855163447806,0.14658787178182006,-0.2761904761904762,0.16857787367749338,False,False
LD-05,Coolant_Flow_lpm,last7,8,-0.008578003016685416,-0.06004602111679791,0.12470779435405449,-0.4999999999999999,0.10868055555555556,False,False
LD-05,Clean_Flow_lpm,full,120,5.2443259279191215e-05,0.006240747854223755,0.4206200872848469,0.06554621848739495,0.28844612312171347,False,False
LD-05,Clean_Flow_lpm,last45,46,-7.962169368225442e-05,-0.0035829762157014488,0.773108872391443,-0.014492753623188408,0.8870624094215045,False,False
LD-05,Clean_Flow_lpm,last30,31,-0.00025668688262071263,-0.007700606478621379,0.5983203893957472,-0.05376344086021506,0.6858034239457821,False,False
LD-05,Clean_Flow_lpm,last21,22,-0.0013967084337840033,-0.029330877109464068,0.08886950260971672,-0.24675324675324675,0.11503559714073973,False,False
LD-05,Clean_Flow_lpm,last14,15,-0.001547071008424813,-0.021658994117947382,0.2737334217354858,-0.08571428571428572,0.6971814254173712,False,False
LD-05,Clean_Flow_lpm,last7,8,-0.004957515248026017,-0.03470260673618212,0.2947941805844067,-0.21428571428571427,0.5484126984126985,False,False
LD-05,Clean_Pressure_bar,full,120,-3.829727576135271e-07,-4.557375815600972e-05,0.9883391643842736,0.0008403361344537815,0.9891415705934227,False,False
LD-05,Clean_Pressure_bar,last45,46,0.00010967753742212064,0.004935489183995429,0.38125559531021097,0.15555555555555556,0.12741570029636012,False,False
LD-05,Clean_Pressure_bar,last30,31,-2.285485865773499e-06,-6.856457597320496e-05,0.9906126548840805,0.05806451612903227,0.6611643177577229,False,False
LD-05,Clean_Pressure_bar,last21,22,-0.0002842659016359758,-0.005969583934355492,0.4040316383915796,-0.08225108225108224,0.6157664135385533,False,False
LD-05,Clean_Pressure_bar,last14,15,-0.0005844966093945073,-0.008182952531523102,0.3795702976976529,-0.18095238095238098,0.3794503959627968,False,False
LD-05,Clean_Pressure_bar,last7,8,-0.0024027902592084417,-0.016819531814459093,0.14015937845070442,-0.3571428571428571,0.27509920634920637,False,False
LD-05,Clean_Time_s,full,120,-4.202781858097202e-05,-0.00500131041113567,0.7885822536469356,-0.015126050420168064,0.8064796777538485,False,False
LD-05,Clean_Time_s,last45,46,0.0003621725642562934,0.016297765391533204,0.5731875662255312,0.03381642512077295,0.7403534570325994,False,False
LD-05,Clean_Time_s,last30,31,-0.00019964277475315468,-0.00598928324259464,0.8608861237107127,-0.006451612903225807,0.9731187568658406,False,False
LD-05,Clean_Time_s,last21,22,-0.0003543355021701512,-0.0074410455455731755,0.8551213695707868,-0.021645021645021644,0.9112884689584274,False,False
LD-05,Clean_Time_s,last14,15,-0.001693644741594299,-0.023711026382320186,0.6651669951086921,-0.10476190476190476,0.6264945175158468,False,False
LD-05,Clean_Time_s,last7,8,-0.008047273549938743,-0.0563309148495712,0.30147296477519636,-0.21428571428571427,0.5484126984126985,False,False
LD-05,Vibration_mm_s,full,120,-2.440931113970894e-05,-0.002904708025625364,0.44010860565438087,-0.03529411764705882,0.5675952899444687,False,False
LD-05,Vibration_mm_s,last45,46,-0.00017115424949438457,-0.0077019412272473055,0.23124133789652035,-0.13429951690821257,0.18814950810376052,False,False
LD-05,Vibration_mm_s,last30,31,-0.00016801009277902411,-0.005040302783370723,0.5371999042042082,-0.10107526881720431,0.43751367774909966,False,False
LD-05,Vibration_mm_s,last21,22,-0.0002871852604157226,-0.006030890468730174,0.5336512600598912,-0.12554112554112554,0.4343099494437716,False,False
LD-05,Vibration_mm_s,last14,15,-0.0005973713385236438,-0.008363198739331012,0.48587404445428806,-0.20000000000000004,0.3282335876694342,False,False
LD-05,Vibration_mm_s,last7,8,0.0005703581797406784,0.003992507258184749,0.8289924528161378,0.07142857142857142,0.9048611111111111,False,False
LD-06,Laser_Power_W,full,120,2.932403341275077e-06,0.0003489559976117342,0.8843631254543844,0.012044817927170865,0.8453391768168708,False,False
LD-06,Laser_Power_W,last45,46,-4.054022560167593e-05,-0.001824310152075417,0.6457167743846648,-0.04347826086956522,0.6700591483829517,False,False
LD-06,Laser_Power_W,last30,31,-3.134124731487553e-05,-0.0009402374194462659,0.838341340265248,-0.027956989247311832,0.8397559694413963,False,False
LD-06,Laser_Power_W,last21,22,-0.0004068078127209456,-0.008542964067139856,0.10455823932310807,-0.24675324675324675,0.11503559714073973,False,False
LD-06,Laser_Power_W,last14,15,-0.0004961457462303618,-0.006946040447225066,0.25695671692433636,-0.20000000000000004,0.3282335876694342,False,False
LD-06,Laser_Power_W,last7,8,-0.002187312935574292,-0.015311190549020044,0.057028251119995536,-0.4999999999999999,0.10868055555555556,False,False
LD-06,Laser_Frequency_kHz,full,120,2.604409267624436e-05,0.0030992470284730788,0.9129606143555354,0.013725490196078431,0.8240900261441185,False,False
LD-06,Laser_Frequency_kHz,last45,46,0.0005187872833195657,0.023345427749380455,0.6015063349370143,0.053140096618357495,0.6025420881792322,False,False
LD-06,Laser_Frequency_kHz,last30,31,0.0009981211949418845,0.029943635848256534,0.5899280933288591,0.09677419354838711,0.4577662033034028,False,False
LD-06,Laser_Frequency_kHz,last21,22,-0.0001374119652043908,-0.0028856512692922065,0.9670952058543753,-0.012987012987012986,0.9555771436337516,False,False
LD-06,Laser_Frequency_kHz,last14,15,-0.002322723886601961,-0.03251813441242746,0.6967672667658265,-0.08571428571428572,0.6971814254173712,False,False
LD-06,Laser_Frequency_kHz,last7,8,-0.02903479368981839,-0.20324355582872872,0.10110511391912307,-0.4999999999999999,0.10868055555555556,False,False
LD-06,Power_Efficiency_pct,full,120,2.793825360253968e-06,0.0003324652178702222,0.9249357887440276,0.026610644257703077,0.6664933099630123,False,False
LD-06,Power_Efficiency_pct,last45,46,-7.058327843736598e-05,-0.003176247529681469,0.5906858550149573,-0.06473429951690822,0.5258418813294821,False,False
LD-06,Power_Efficiency_pct,last30,31,0.0001483738481097751,0.004451215443293253,0.5033508441478337,0.07526881720430108,0.5663744539910857,False,False
LD-06,Power_Efficiency_pct,last21,22,-0.00041867481504812243,-0.00879217111601057,0.234439508543302,-0.16883116883116883,0.2876167582552455,False,False
LD-06,Power_Efficiency_pct,last14,15,-0.0006657777827572074,-0.009320888958600903,0.2926696829966819,-0.1619047619047619,0.43511891093211363,False,False
LD-06,Power_Efficiency_pct,last7,8,-0.002028276543085334,-0.014197935801597337,0.23129116187966145,-0.2857142857142857,0.39875992063492066,False,False
LD-06,Beam_Center_Offset_um,full,120,-1.8095516947920447e-05,-0.002153366516802533,0.6764748265161497,-0.006162464985994397,0.9205010570464311,False,False
LD-06,Beam_Center_Offset_um,last45,46,-6.8758700152341985e-06,-0.00030941415068553896,0.9700078594874157,0.0009661835748792271,0.9924456207213618,False,False
LD-06,Beam_Center_Offset_um,last30,31,0.0002253353472952173,0.006760060418856519,0.5552081581481928,0.07526881720430108,0.5663744539910857,False,False
LD-06,Beam_Center_Offset_um,last21,22,0.00016397238765236715,0.00344342014069971,0.8201485780404485,0.012987012987012986,0.9555771436337516,False,False
LD-06,Beam_Center_Offset_um,last14,15,-0.0017518704658704889,-0.024526186522186844,0.11644348279939101,-0.29523809523809524,0.13946285911906778,False,False
LD-06,Beam_Center_Offset_um,last7,8,-0.0056182115478073825,-0.03932748083465168,0.0638513971536915,-0.4999999999999999,0.10868055555555556,False,False
LD-06,Feed_Speed_mm_s,full,120,-0.00029123733439900037,-0.03465724279348104,0.2869557414423943,-0.07731092436974789,0.2105448050207196,False,False
LD-06,Feed_Speed_mm_s,last45,46,0.0006401092978359207,0.028804918402616432,0.5998539915968678,0.07053140096618357,0.48945552096727396,False,False
LD-06,Feed_Speed_mm_s,last30,31,0.0013578698226459716,0.04073609467937915,0.5709883385220196,0.11397849462365593,0.379888807439013,False,False
LD-06,Feed_Speed_mm_s,last21,22,0.000645273036735453,0.013550733771444513,0.8592355260635489,0.047619047619047616,0.7805448221723992,False,False
LD-06,Feed_Speed_mm_s,last14,15,-0.00037313336052652144,-0.0052238670473713006,0.9519469537446806,0.009523809523809525,1.0,False,False
LD-06,Feed_Speed_mm_s,last7,8,-0.007947540923081439,-0.05563278646157007,0.5900451810665767,-0.21428571428571427,0.5484126984126985,False,False
LD-06,Focus_Offset_um,full,120,-2.31261082463303e-05,-0.0027520068813133057,0.7639029684028548,-0.04145658263305322,0.5019662561274925,False,False
LD-06,Focus_Offset_um,last45,46,0.00023164556613675133,0.01042405047615381,0.46282239881805687,0.08792270531400967,0.3889066720470058,False,False
LD-06,Focus_Offset_um,last30,31,0.0006669967762266397,0.02000990328679919,0.23036859229370804,0.14838709677419357,0.25008298106040583,False,False
LD-06,Focus_Offset_um,last21,22,0.0007238910395878434,0.015201711831344712,0.49459131961618835,0.11688311688311688,0.4680001686472355,False,False
LD-06,Focus_Offset_um,last14,15,0.0031837349101763047,0.04457228874246827,0.06625256406337464,0.3142857142857143,0.11424717239544455,False,False
LD-06,Focus_Offset_um,last7,8,0.00017232074267511886,0.0012062451987258321,0.9689557926045257,0.0,1.0,False,False
LD-06,Head_Temp_C,full,120,-3.4699495159329386e-05,-0.004129239923960197,0.8898205961140142,-0.0257703081232493,0.6764178447652839,False,False
LD-06,Head_Temp_C,last45,46,5.765908468231459e-06,0.0002594658810704157,0.9944608515461152,-0.012560386473429953,0.9020390183173256,False,False
LD-06,Head_Temp_C,last30,31,-0.0018398682980775463,-0.05519604894232639,0.17001067180385543,-0.19139784946236563,0.13559628557425363,False,False
LD-06,Head_Temp_C,last21,22,-0.0010933368174776492,-0.022960073167030633,0.5971683397543092,-0.12554112554112554,0.4343099494437716,False,False
LD-06,Head_Temp_C,last14,15,0.0017881073099288436,0.02503350233900381,0.6496075356080507,0.06666666666666668,0.770495669755301,False,False
LD-06,Head_Temp_C,last7,8,0.0072592670771535455,0.05081486954007482,0.5005212738359907,0.07142857142857142,0.9048611111111111,False,False
LD-06,Coolant_Flow_lpm,full,120,2.435000281491302e-05,0.002897650334974649,0.766692211953715,0.008963585434173669,0.88457870899875,False,False
LD-06,Coolant_Flow_lpm,last45,46,0.00021157528600401345,0.009520887870180605,0.5493270712956558,0.07439613526570048,0.4659724913518163,False,False
LD-06,Coolant_Flow_lpm,last30,31,7.780804915179339e-05,0.0023342414745538016,0.9046704779482341,0.04086021505376344,0.7616202077225781,False,False
LD-06,Coolant_Flow_lpm,last21,22,-6.286976095843965e-05,-0.0013202649801272327,0.9508711519813683,-0.012987012987012986,0.9555771436337516,False,False
LD-06,Coolant_Flow_lpm,last14,15,-9.810312694705938e-05,-0.0013734437772588313,0.9590749115448507,-0.06666666666666668,0.770495669755301,False,False
LD-06,Coolant_Flow_lpm,last7,8,-0.004170458088357444,-0.029193206618502106,0.3830039271602131,-0.3571428571428571,0.27509920634920637,False,False
LD-06,Clean_Flow_lpm,full,120,-4.878610863573687e-05,-0.005805546927652687,0.5012738278763842,-0.045098039215686274,0.46516194190198723,False,False
LD-06,Clean_Flow_lpm,last45,46,0.0004284881574258548,0.019281967084163465,0.10400215720492537,0.1806763285024155,0.07663649670300385,False,False
LD-06,Clean_Flow_lpm,last30,31,0.0005360370768587111,0.01608111230576133,0.2865748040376233,0.1698924731182796,0.18652632424728055,False,False
LD-06,Clean_Flow_lpm,last21,22,-0.0008065823517751576,-0.01693822938727831,0.3240312380041322,-0.09956709956709957,0.5394123595200279,False,False
LD-06,Clean_Flow_lpm,last14,15,-0.0018847891878898792,-0.02638704863045831,0.20548678452203306,-0.14285714285714288,0.4950508526248027,False,False
LD-06,Clean_Flow_lpm,last7,8,-0.002627911220975033,-0.01839537854682523,0.4839095645074058,-0.07142857142857142,0.9048611111111111,False,False
LD-06,Clean_Pressure_bar,full,120,9.694047055829094e-06,0.0011535915996436622,0.6526365704314634,0.05742296918767507,0.35238215540475104,False,False
LD-06,Clean_Pressure_bar,last45,46,-1.0686015124782814e-05,-0.0004808706806152266,0.8907785909793239,-0.07246376811594203,0.4776350663093746,False,False
LD-06,Clean_Pressure_bar,last30,31,-4.058483346770055e-05,-0.0012175450040310166,0.7686070494130395,-0.15698924731182798,0.2230787732166901,False,False
LD-06,Clean_Pressure_bar,last21,22,-0.0002570571426788581,-0.00539819999625602,0.053437882174001146,-0.33333333333333337,0.030888793762969845,False,False
LD-06,Clean_Pressure_bar,last14,15,-0.0001308484287401966,-0.0018318780023627522,0.5950205441594631,-0.18095238095238098,0.3794503959627968,False,False
LD-06,Clean_Pressure_bar,last7,8,-0.0012673676719282916,-0.008871573703498042,0.011475164364760128,-0.7857142857142856,0.005505952380952381,False,False
LD-06,Clean_Time_s,full,120,0.00011959584914376123,0.014231906048107586,0.4341706632841796,0.04929971988795517,0.42462641388987743,False,False
LD-06,Clean_Time_s,last45,46,5.484157711249597e-05,0.0024678709700623187,0.9211251190619953,0.02995169082125604,0.7691302888844245,False,False
LD-06,Clean_Time_s,last30,31,0.0005765593530427987,0.01729678059128396,0.5340936548897923,0.12258064516129034,0.3441531311333978,False,False
LD-06,Clean_Time_s,last21,22,0.00047815390064993575,0.010041231913648651,0.7771643785951206,0.07359307359307359,0.6555978590524786,False,False
LD-06,Clean_Time_s,last14,15,0.00021490512081918974,0.0030086716914686563,0.9364511204337805,0.1619047619047619,0.43511891093211363,False,False
LD-06,Clean_Time_s,last7,8,-0.006431666302948172,-0.045021664120637205,0.42277307242192746,0.0,1.0,False,False
LD-06,Vibration_mm_s,full,120,-1.4427637090899695e-05,-0.0017168888138170636,0.647327935499647,-0.017086834733893556,0.7819910091838946,False,False
LD-06,Vibration_mm_s,last45,46,-6.237465275288305e-05,-0.002806859373879737,0.5775794055400554,-0.0570048309178744,0.5764204344541329,False,False
LD-06,Vibration_mm_s,last30,31,-6.555360712163698e-05,-0.0019666082136491096,0.7668530840866267,-0.04516129032258065,0.7360557234059398,False,False
LD-06,Vibration_mm_s,last21,22,-0.0005538269379829214,-0.01163036569764135,0.11413163497894682,-0.2207792207792208,0.16029274039086885,False,False
LD-06,Vibration_mm_s,last14,15,-0.0009325309457204119,-0.013055433240085767,0.16364220454299325,-0.2571428571428572,0.20184282422518202,False,False
LD-06,Vibration_mm_s,last7,8,-0.0008300939492636902,-0.005810657644845832,0.6056667325488505,-0.14285714285714285,0.7195436507936508,False,False
