Wafer_ID,Lot_ID,Slot,Fin Etch,Gate Oxide,HK/MG,S/D Epi,Contact,M1 BEOL,Via
RL001W01,RL001,1,ETCH-01,FURN-01,ALD-01,EPI-01,ETCH-05,PVD-01,ETCH-07
RL001W02,RL001,2,ETCH-01,FURN-01,ALD-01,EPI-01,ETCH-05,PVD-01,ETCH-07
RL001W03,RL001,3,ETCH-01,FURN-01,ALD-01,EPI-01,ETCH-05,PVD-01,ETCH-07
RL001W04,RL001,4,ETCH-01,FURN-01,ALD-01,EPI-01,ETCH-05,PVD-01,ETCH-07
RL001W05,RL001,5,ETCH-01,FURN-01,ALD-01,EPI-01,ETCH-05,PVD-01,ETCH-07
RL001W06,RL001,6,ETCH-01,FURN-01,ALD-01,EPI-01,ETCH-05,PVD-01,ETCH-07
RL001W07,RL001,7,ETCH-01,FURN-01,ALD-01,EPI-01,ETCH-05,PVD-01,ETCH-07
RL001W08,RL001,8,ETCH-01,FURN-01,ALD-01,EPI-01,ETCH-05,PVD-01,ETCH-07
RL001W09,RL001,9,ETCH-01,FURN-01,ALD-01,EPI-01,ETCH-05,PVD-01,ETCH-07
RL001W10,RL001,10,ETCH-01,FURN-01,ALD-01,EPI-01,ETCH-05,PVD-01,ETCH-07
RL001W11,RL001,11,ETCH-01,FURN-01,ALD-01,EPI-01,ETCH-05,PVD-01,ETCH-07
RL001W12,RL001,12,ETCH-01,FURN-01,ALD-01,EPI-01,ETCH-05,PVD-01,ETCH-07
RL001W13,RL001,13,ETCH-01,FURN-01,ALD-01,EPI-01,ETCH-05,PVD-01,ETCH-07
RL001W14,RL001,14,ETCH-01,FURN-01,ALD-01,EPI-01,ETCH-05,PVD-01,ETCH-07
RL001W15,RL001,15,ETCH-01,FURN-01,ALD-01,EPI-01,ETCH-05,PVD-01,ETCH-07
RL001W16,RL001,16,ETCH-01,FURN-01,ALD-01,EPI-01,ETCH-05,PVD-01,ETCH-07
RL001W17,RL001,17,ETCH-01,FURN-01,ALD-01,EPI-01,ETCH-05,PVD-01,ETCH-07
RL001W18,RL001,18,ETCH-01,FURN-01,ALD-01,EPI-01,ETCH-05,PVD-01,ETCH-07
RL001W19,RL001,19,ETCH-01,FURN-01,ALD-01,EPI-01,ETCH-05,PVD-01,ETCH-07
RL001W20,RL001,20,ETCH-01,FURN-01,ALD-01,EPI-01,ETCH-05,PVD-01,ETCH-07
RL001W21,RL001,21,ETCH-01,FURN-01,ALD-01,EPI-01,ETCH-05,PVD-01,ETCH-07
RL001W22,RL001,22,ETCH-01,FURN-01,ALD-01,EPI-01,ETCH-05,PVD-01,ETCH-07
RL001W23,RL001,23,ETCH-01,FURN-01,ALD-01,EPI-01,ETCH-05,PVD-01,ETCH-07
RL001W24,RL001,24,ETCH-01,FURN-01,ALD-01,EPI-01,ETCH-05,PVD-01,ETCH-07
RL001W25,RL001,25,ETCH-01,FURN-01,ALD-01,EPI-01,ETCH-05,PVD-01,ETCH-07
RL002W01,RL002,1,ETCH-01,FURN-01,ALD-01,EPI-01,ETCH-05,PVD-02,ETCH-07
RL002W02,RL002,2,ETCH-01,FURN-01,ALD-01,EPI-01,ETCH-05,PVD-02,ETCH-07
RL002W03,RL002,3,ETCH-01,FURN-01,ALD-01,EPI-01,ETCH-05,PVD-02,ETCH-07
RL002W04,RL002,4,ETCH-01,FURN-01,ALD-01,EPI-01,ETCH-05,PVD-02,ETCH-07
RL002W05,RL002,5,ETCH-01,FURN-01,ALD-01,EPI-01,ETCH-05,PVD-02,ETCH-07
RL002W06,RL002,6,ETCH-01,FURN-01,ALD-01,EPI-01,ETCH-05,PVD-02,ETCH-07
RL002W07,RL002,7,ETCH-01,FURN-01,ALD-01,EPI-01,ETCH-05,PVD-02,ETCH-07
RL002W08,RL002,8,ETCH-01,FURN-01,ALD-01,EPI-01,ETCH-05,PVD-02,ETCH-07
RL002W09,RL002,9,ETCH-01,FURN-01,ALD-01,EPI-01,ETCH-05,PVD-02,ETCH-07
RL002W10,RL002,10,ETCH-01,FURN-01,ALD-01,EPI-01,ETCH-05,PVD-02,ETCH-07
RL002W11,RL002,11,ETCH-01,FURN-01,ALD-01,EPI-01,ETCH-05,PVD-02,ETCH-07
RL002W12,RL002,12,ETCH-01,FURN-01,ALD-01,EPI-01,ETCH-05,PVD-02,ETCH-07
RL002W13,RL002,13,ETCH-01,FURN-01,ALD-01,EPI-01,ETCH-05,PVD-02,ETCH-07
RL002W14,RL002,14,ETCH-01,FURN-01,ALD-01,EPI-01,ETCH-05,PVD-02,ETCH-07
RL002W15,RL002,15,ETCH-01,FURN-01,ALD-01,EPI-01,ETCH-05,PVD-02,ETCH-07
RL002W16,RL002,16,ETCH-01,FURN-01,ALD-01,EPI-01,ETCH-05,PVD-02,ETCH-07
RL002W17,RL002,17,ETCH-01,FURN-01,ALD-01,EPI-01,ETCH-05,PVD-02,ETCH-07
RL002W18,RL002,18,ETCH-01,FURN-01,ALD-01,EPI-01,ETCH-05,PVD-02,ETCH-07
RL002W19,RL002,19,ETCH-01,FURN-01,ALD-01,EPI-01,ETCH-05,PVD-02,ETCH-07
RL002W20,RL002,20,ETCH-01,FURN-01,ALD-01,EPI-01,ETCH-05,PVD-02,ETCH-07
RL002W21,RL002,21,ETCH-01,FURN-01,ALD-01,EPI-01,ETCH-05,PVD-02,ETCH-07
RL002W22,RL002,22,ETCH-01,FURN-01,ALD-01,EPI-01,ETCH-05,PVD-02,ETCH-07
RL002W23,RL002,23,ETCH-01,FURN-01,ALD-01,EPI-01,ETCH-05,PVD-02,ETCH-07
RL002W24,RL002,24,ETCH-01,FURN-01,ALD-01,EPI-01,ETCH-05,PVD-02,ETCH-07
RL002W25,RL002,25,ETCH-01,FURN-01,ALD-01,EPI-01,ETCH-05,PVD-02,ETCH-07
RL003W01,RL003,1,ETCH-01,FURN-02,ALD-02,EPI-02,ETCH-05,PVD-02,ETCH-06
RL003W02,RL003,2,ETCH-01,FURN-02,ALD-02,EPI-02,ETCH-05,PVD-02,ETCH-06
RL003W03,RL003,3,ETCH-01,FURN-02,ALD-02,EPI-02,ETCH-05,PVD-02,ETCH-06
RL003W04,RL003,4,ETCH-01,FURN-02,ALD-02,EPI-02,ETCH-05,PVD-02,ETCH-06
RL003W05,RL003,5,ETCH-01,FURN-02,ALD-02,EPI-02,ETCH-05,PVD-02,ETCH-06
RL003W06,RL003,6,ETCH-01,FURN-02,ALD-02,EPI-02,ETCH-05,PVD-02,ETCH-06
RL003W07,RL003,7,ETCH-01,FURN-02,ALD-02,EPI-02,ETCH-05,PVD-02,ETCH-06
RL003W08,RL003,8,ETCH-01,FURN-02,ALD-02,EPI-02,ETCH-05,PVD-02,ETCH-06
RL003W09,RL003,9,ETCH-01,FURN-02,ALD-02,EPI-02,ETCH-05,PVD-02,ETCH-06
RL003W10,RL003,10,ETCH-01,FURN-02,ALD-02,EPI-02,ETCH-05,PVD-02,ETCH-06
RL003W11,RL003,11,ETCH-01,FURN-02,ALD-02,EPI-02,ETCH-05,PVD-02,ETCH-06
RL003W12,RL003,12,ETCH-01,FURN-02,ALD-02,EPI-02,ETCH-05,PVD-02,ETCH-06
RL003W13,RL003,13,ETCH-01,FURN-02,ALD-02,EPI-02,ETCH-05,PVD-02,ETCH-06
RL003W14,RL003,14,ETCH-01,FURN-02,ALD-02,EPI-02,ETCH-05,PVD-02,ETCH-06
RL003W15,RL003,15,ETCH-01,FURN-02,ALD-02,EPI-02,ETCH-05,PVD-02,ETCH-06
RL003W16,RL003,16,ETCH-01,FURN-02,ALD-02,EPI-02,ETCH-05,PVD-02,ETCH-06
RL003W17,RL003,17,ETCH-01,FURN-02,ALD-02,EPI-02,ETCH-05,PVD-02,ETCH-06
RL003W18,RL003,18,ETCH-01,FURN-02,ALD-02,EPI-02,ETCH-05,PVD-02,ETCH-06
RL003W19,RL003,19,ETCH-01,FURN-02,ALD-02,EPI-02,ETCH-05,PVD-02,ETCH-06
RL003W20,RL003,20,ETCH-01,FURN-02,ALD-02,EPI-02,ETCH-05,PVD-02,ETCH-06
RL003W21,RL003,21,ETCH-01,FURN-02,ALD-02,EPI-02,ETCH-05,PVD-02,ETCH-06
RL003W22,RL003,22,ETCH-01,FURN-02,ALD-02,EPI-02,ETCH-05,PVD-02,ETCH-06
RL003W23,RL003,23,ETCH-01,FURN-02,ALD-02,EPI-02,ETCH-05,PVD-02,ETCH-06
RL003W24,RL003,24,ETCH-01,FURN-02,ALD-02,EPI-02,ETCH-05,PVD-02,ETCH-06
RL003W25,RL003,25,ETCH-01,FURN-02,ALD-02,EPI-02,ETCH-05,PVD-02,ETCH-06
RL004W01,RL004,1,ETCH-02,FURN-01,ALD-02,EPI-01,ETCH-04,PVD-02,ETCH-07
RL004W02,RL004,2,ETCH-02,FURN-01,ALD-02,EPI-01,ETCH-04,PVD-02,ETCH-07
RL004W03,RL004,3,ETCH-02,FURN-01,ALD-02,EPI-01,ETCH-04,PVD-02,ETCH-07
RL004W04,RL004,4,ETCH-02,FURN-01,ALD-02,EPI-01,ETCH-04,PVD-02,ETCH-07
RL004W05,RL004,5,ETCH-02,FURN-01,ALD-02,EPI-01,ETCH-04,PVD-02,ETCH-07
RL004W06,RL004,6,ETCH-02,FURN-01,ALD-02,EPI-01,ETCH-04,PVD-02,ETCH-07
RL004W07,RL004,7,ETCH-02,FURN-01,ALD-02,EPI-01,ETCH-04,PVD-02,ETCH-07
RL004W08,RL004,8,ETCH-02,FURN-01,ALD-02,EPI-01,ETCH-04,PVD-02,ETCH-07
RL004W09,RL004,9,ETCH-02,FURN-01,ALD-02,EPI-01,ETCH-04,PVD-02,ETCH-07
RL004W10,RL004,10,ETCH-02,FURN-01,ALD-02,EPI-01,ETCH-04,PVD-02,ETCH-07
RL004W11,RL004,11,ETCH-02,FURN-01,ALD-02,EPI-01,ETCH-04,PVD-02,ETCH-07
RL004W12,RL004,12,ETCH-02,FURN-01,ALD-02,EPI-01,ETCH-04,PVD-02,ETCH-07
RL004W13,RL004,13,ETCH-02,FURN-01,ALD-02,EPI-01,ETCH-04,PVD-02,ETCH-07
RL004W14,RL004,14,ETCH-02,FURN-01,ALD-02,EPI-01,ETCH-04,PVD-02,ETCH-07
RL004W15,RL004,15,ETCH-02,FURN-01,ALD-02,EPI-01,ETCH-04,PVD-02,ETCH-07
RL004W16,RL004,16,ETCH-02,FURN-01,ALD-02,EPI-01,ETCH-04,PVD-02,ETCH-07
RL004W17,RL004,17,ETCH-02,FURN-01,ALD-02,EPI-01,ETCH-04,PVD-02,ETCH-07
RL004W18,RL004,18,ETCH-02,FURN-01,ALD-02,EPI-01,ETCH-04,PVD-02,ETCH-07
RL004W19,RL004,19,ETCH-02,FURN-01,ALD-02,EPI-01,ETCH-04,PVD-02,ETCH-07
RL004W20,RL004,20,ETCH-02,FURN-01,ALD-02,EPI-01,ETCH-04,PVD-02,ETCH-07
RL004W21,RL004,21,ETCH-02,FURN-01,ALD-02,EPI-01,ETCH-04,PVD-02,ETCH-07
RL004W22,RL004,22,ETCH-02,FURN-01,ALD-02,EPI-01,ETCH-04,PVD-02,ETCH-07
RL004W23,RL004,23,ETCH-02,FURN-01,ALD-02,EPI-01,ETCH-04,PVD-02,ETCH-07
RL004W24,RL004,24,ETCH-02,FURN-01,ALD-02,EPI-01,ETCH-04,PVD-02,ETCH-07
RL004W25,RL004,25,ETCH-02,FURN-01,ALD-02,EPI-01,ETCH-04,PVD-02,ETCH-07
RL005W01,RL005,1,ETCH-01,FURN-01,ALD-02,EPI-02,ETCH-04,PVD-01,ETCH-07
RL005W02,RL005,2,ETCH-01,FURN-01,ALD-02,EPI-02,ETCH-04,PVD-01,ETCH-07
RL005W03,RL005,3,ETCH-01,FURN-01,ALD-02,EPI-02,ETCH-04,PVD-01,ETCH-07
RL005W04,RL005,4,ETCH-01,FURN-01,ALD-02,EPI-02,ETCH-04,PVD-01,ETCH-07
RL005W05,RL005,5,ETCH-01,FURN-01,ALD-02,EPI-02,ETCH-04,PVD-01,ETCH-07
RL005W06,RL005,6,ETCH-01,FURN-01,ALD-02,EPI-02,ETCH-04,PVD-01,ETCH-07
RL005W07,RL005,7,ETCH-01,FURN-01,ALD-02,EPI-02,ETCH-04,PVD-01,ETCH-07
RL005W08,RL005,8,ETCH-01,FURN-01,ALD-02,EPI-02,ETCH-04,PVD-01,ETCH-07
RL005W09,RL005,9,ETCH-01,FURN-01,ALD-02,EPI-02,ETCH-04,PVD-01,ETCH-07
RL005W10,RL005,10,ETCH-01,FURN-01,ALD-02,EPI-02,ETCH-04,PVD-01,ETCH-07
RL005W11,RL005,11,ETCH-01,FURN-01,ALD-02,EPI-02,ETCH-04,PVD-01,ETCH-07
RL005W12,RL005,12,ETCH-01,FURN-01,ALD-02,EPI-02,ETCH-04,PVD-01,ETCH-07
RL005W13,RL005,13,ETCH-01,FURN-01,ALD-02,EPI-02,ETCH-04,PVD-01,ETCH-07
RL005W14,RL005,14,ETCH-01,FURN-01,ALD-02,EPI-02,ETCH-04,PVD-01,ETCH-07
RL005W15,RL005,15,ETCH-01,FURN-01,ALD-02,EPI-02,ETCH-04,PVD-01,ETCH-07
RL005W16,RL005,16,ETCH-01,FURN-01,ALD-02,EPI-02,ETCH-04,PVD-01,ETCH-07
RL005W17,RL005,17,ETCH-01,FURN-01,ALD-02,EPI-02,ETCH-04,PVD-01,ETCH-07
RL005W18,RL005,18,ETCH-01,FURN-01,ALD-02,EPI-02,ETCH-04,PVD-01,ETCH-07
RL005W19,RL005,19,ETCH-01,FURN-01,ALD-02,EPI-02,ETCH-04,PVD-01,ETCH-07
RL005W20,RL005,20,ETCH-01,FURN-01,ALD-02,EPI-02,ETCH-04,PVD-01,ETCH-07
RL005W21,RL005,21,ETCH-01,FURN-01,ALD-02,EPI-02,ETCH-04,PVD-01,ETCH-07
RL005W22,RL005,22,ETCH-01,FURN-01,ALD-02,EPI-02,ETCH-04,PVD-01,ETCH-07
RL005W23,RL005,23,ETCH-01,FURN-01,ALD-02,EPI-02,ETCH-04,PVD-01,ETCH-07
RL005W24,RL005,24,ETCH-01,FURN-01,ALD-02,EPI-02,ETCH-04,PVD-01,ETCH-07
RL005W25,RL005,25,ETCH-01,FURN-01,ALD-02,EPI-02,ETCH-04,PVD-01,ETCH-07
RL006W01,RL006,1,ETCH-02,FURN-01,ALD-01,EPI-02,ETCH-05,PVD-02,ETCH-06
RL006W02,RL006,2,ETCH-02,FURN-01,ALD-01,EPI-02,ETCH-05,PVD-02,ETCH-06
RL006W03,RL006,3,ETCH-02,FURN-01,ALD-01,EPI-02,ETCH-05,PVD-02,ETCH-06
RL006W04,RL006,4,ETCH-02,FURN-01,ALD-01,EPI-02,ETCH-05,PVD-02,ETCH-06
RL006W05,RL006,5,ETCH-02,FURN-01,ALD-01,EPI-02,ETCH-05,PVD-02,ETCH-06
RL006W06,RL006,6,ETCH-02,FURN-01,ALD-01,EPI-02,ETCH-05,PVD-02,ETCH-06
RL006W07,RL006,7,ETCH-02,FURN-01,ALD-01,EPI-02,ETCH-05,PVD-02,ETCH-06
RL006W08,RL006,8,ETCH-02,FURN-01,ALD-01,EPI-02,ETCH-05,PVD-02,ETCH-06
RL006W09,RL006,9,ETCH-02,FURN-01,ALD-01,EPI-02,ETCH-05,PVD-02,ETCH-06
RL006W10,RL006,10,ETCH-02,FURN-01,ALD-01,EPI-02,ETCH-05,PVD-02,ETCH-06
RL006W11,RL006,11,ETCH-02,FURN-01,ALD-01,EPI-02,ETCH-05,PVD-02,ETCH-06
RL006W12,RL006,12,ETCH-02,FURN-01,ALD-01,EPI-02,ETCH-05,PVD-02,ETCH-06
RL006W13,RL006,13,ETCH-02,FURN-01,ALD-01,EPI-02,ETCH-05,PVD-02,ETCH-06
RL006W14,RL006,14,ETCH-02,FURN-01,ALD-01,EPI-02,ETCH-05,PVD-02,ETCH-06
RL006W15,RL006,15,ETCH-02,FURN-01,ALD-01,EPI-02,ETCH-05,PVD-02,ETCH-06
RL006W16,RL006,16,ETCH-02,FURN-01,ALD-01,EPI-02,ETCH-05,PVD-02,ETCH-06
RL006W17,RL006,17,ETCH-02,FURN-01,ALD-01,EPI-02,ETCH-05,PVD-02,ETCH-06
RL006W18,RL006,18,ETCH-02,FURN-01,ALD-01,EPI-02,ETCH-05,PVD-02,ETCH-06
RL006W19,RL006,19,ETCH-02,FURN-01,ALD-01,EPI-02,ETCH-05,PVD-02,ETCH-06
RL006W20,RL006,20,ETCH-02,FURN-01,ALD-01,EPI-02,ETCH-05,PVD-02,ETCH-06
RL006W21,RL006,21,ETCH-02,FURN-01,ALD-01,EPI-02,ETCH-05,PVD-02,ETCH-06
RL006W22,RL006,22,ETCH-02,FURN-01,ALD-01,EPI-02,ETCH-05,PVD-02,ETCH-06
RL006W23,RL006,23,ETCH-02,FURN-01,ALD-01,EPI-02,ETCH-05,PVD-02,ETCH-06
RL006W24,RL006,24,ETCH-02,FURN-01,ALD-01,EPI-02,ETCH-05,PVD-02,ETCH-06
RL006W25,RL006,25,ETCH-02,FURN-01,ALD-01,EPI-02,ETCH-05,PVD-02,ETCH-06
RL007W01,RL007,1,ETCH-02,FURN-02,ALD-01,EPI-01,ETCH-05,PVD-02,ETCH-07
RL007W02,RL007,2,ETCH-02,FURN-02,ALD-01,EPI-01,ETCH-05,PVD-02,ETCH-07
RL007W03,RL007,3,ETCH-02,FURN-02,ALD-01,EPI-01,ETCH-05,PVD-02,ETCH-07
RL007W04,RL007,4,ETCH-02,FURN-02,ALD-01,EPI-01,ETCH-05,PVD-02,ETCH-07
RL007W05,RL007,5,ETCH-02,FURN-02,ALD-01,EPI-01,ETCH-05,PVD-02,ETCH-07
RL007W06,RL007,6,ETCH-02,FURN-02,ALD-01,EPI-01,ETCH-05,PVD-02,ETCH-07
RL007W07,RL007,7,ETCH-02,FURN-02,ALD-01,EPI-01,ETCH-05,PVD-02,ETCH-07
RL007W08,RL007,8,ETCH-02,FURN-02,ALD-01,EPI-01,ETCH-05,PVD-02,ETCH-07
RL007W09,RL007,9,ETCH-02,FURN-02,ALD-01,EPI-01,ETCH-05,PVD-02,ETCH-07
RL007W10,RL007,10,ETCH-02,FURN-02,ALD-01,EPI-01,ETCH-05,PVD-02,ETCH-07
RL007W11,RL007,11,ETCH-02,FURN-02,ALD-01,EPI-01,ETCH-05,PVD-02,ETCH-07
RL007W12,RL007,12,ETCH-02,FURN-02,ALD-01,EPI-01,ETCH-05,PVD-02,ETCH-07
RL007W13,RL007,13,ETCH-02,FURN-02,ALD-01,EPI-01,ETCH-05,PVD-02,ETCH-07
RL007W14,RL007,14,ETCH-02,FURN-02,ALD-01,EPI-01,ETCH-05,PVD-02,ETCH-07
RL007W15,RL007,15,ETCH-02,FURN-02,ALD-01,EPI-01,ETCH-05,PVD-02,ETCH-07
RL007W16,RL007,16,ETCH-02,FURN-02,ALD-01,EPI-01,ETCH-05,PVD-02,ETCH-07
RL007W17,RL007,17,ETCH-02,FURN-02,ALD-01,EPI-01,ETCH-05,PVD-02,ETCH-07
RL007W18,RL007,18,ETCH-02,FURN-02,ALD-01,EPI-01,ETCH-05,PVD-02,ETCH-07
RL007W19,RL007,19,ETCH-02,FURN-02,ALD-01,EPI-01,ETCH-05,PVD-02,ETCH-07
RL007W20,RL007,20,ETCH-02,FURN-02,ALD-01,EPI-01,ETCH-05,PVD-02,ETCH-07
RL007W21,RL007,21,ETCH-02,FURN-02,ALD-01,EPI-01,ETCH-05,PVD-02,ETCH-07
RL007W22,RL007,22,ETCH-02,FURN-02,ALD-01,EPI-01,ETCH-05,PVD-02,ETCH-07
RL007W23,RL007,23,ETCH-02,FURN-02,ALD-01,EPI-01,ETCH-05,PVD-02,ETCH-07
RL007W24,RL007,24,ETCH-02,FURN-02,ALD-01,EPI-01,ETCH-05,PVD-02,ETCH-07
RL007W25,RL007,25,ETCH-02,FURN-02,ALD-01,EPI-01,ETCH-05,PVD-02,ETCH-07
RL008W01,RL008,1,ETCH-01,FURN-02,ALD-02,EPI-02,ETCH-05,PVD-01,ETCH-07
RL008W02,RL008,2,ETCH-01,FURN-02,ALD-02,EPI-02,ETCH-05,PVD-01,ETCH-07
RL008W03,RL008,3,ETCH-01,FURN-02,ALD-02,EPI-02,ETCH-05,PVD-01,ETCH-07
RL008W04,RL008,4,ETCH-01,FURN-02,ALD-02,EPI-02,ETCH-05,PVD-01,ETCH-07
RL008W05,RL008,5,ETCH-01,FURN-02,ALD-02,EPI-02,ETCH-05,PVD-01,ETCH-07
RL008W06,RL008,6,ETCH-01,FURN-02,ALD-02,EPI-02,ETCH-05,PVD-01,ETCH-07
RL008W07,RL008,7,ETCH-01,FURN-02,ALD-02,EPI-02,ETCH-05,PVD-01,ETCH-07
RL008W08,RL008,8,ETCH-01,FURN-02,ALD-02,EPI-02,ETCH-05,PVD-01,ETCH-07
RL008W09,RL008,9,ETCH-01,FURN-02,ALD-02,EPI-02,ETCH-05,PVD-01,ETCH-07
RL008W10,RL008,10,ETCH-01,FURN-02,ALD-02,EPI-02,ETCH-05,PVD-01,ETCH-07
RL008W11,RL008,11,ETCH-01,FURN-02,ALD-02,EPI-02,ETCH-05,PVD-01,ETCH-07
RL008W12,RL008,12,ETCH-01,FURN-02,ALD-02,EPI-02,ETCH-05,PVD-01,ETCH-07
RL008W13,RL008,13,ETCH-01,FURN-02,ALD-02,EPI-02,ETCH-05,PVD-01,ETCH-07
RL008W14,RL008,14,ETCH-01,FURN-02,ALD-02,EPI-02,ETCH-05,PVD-01,ETCH-07
RL008W15,RL008,15,ETCH-01,FURN-02,ALD-02,EPI-02,ETCH-05,PVD-01,ETCH-07
RL008W16,RL008,16,ETCH-01,FURN-02,ALD-02,EPI-02,ETCH-05,PVD-01,ETCH-07
RL008W17,RL008,17,ETCH-01,FURN-02,ALD-02,EPI-02,ETCH-05,PVD-01,ETCH-07
RL008W18,RL008,18,ETCH-01,FURN-02,ALD-02,EPI-02,ETCH-05,PVD-01,ETCH-07
RL008W19,RL008,19,ETCH-01,FURN-02,ALD-02,EPI-02,ETCH-05,PVD-01,ETCH-07
RL008W20,RL008,20,ETCH-01,FURN-02,ALD-02,EPI-02,ETCH-05,PVD-01,ETCH-07
RL008W21,RL008,21,ETCH-01,FURN-02,ALD-02,EPI-02,ETCH-05,PVD-01,ETCH-07
RL008W22,RL008,22,ETCH-01,FURN-02,ALD-02,EPI-02,ETCH-05,PVD-01,ETCH-07
RL008W23,RL008,23,ETCH-01,FURN-02,ALD-02,EPI-02,ETCH-05,PVD-01,ETCH-07
RL008W24,RL008,24,ETCH-01,FURN-02,ALD-02,EPI-02,ETCH-05,PVD-01,ETCH-07
RL008W25,RL008,25,ETCH-01,FURN-02,ALD-02,EPI-02,ETCH-05,PVD-01,ETCH-07
RL009W01,RL009,1,ETCH-03,FURN-02,ALD-01,EPI-01,ETCH-05,PVD-01,ETCH-07
RL009W02,RL009,2,ETCH-03,FURN-02,ALD-01,EPI-01,ETCH-05,PVD-01,ETCH-07
RL009W03,RL009,3,ETCH-03,FURN-02,ALD-01,EPI-01,ETCH-05,PVD-01,ETCH-07
RL009W04,RL009,4,ETCH-03,FURN-02,ALD-01,EPI-01,ETCH-05,PVD-01,ETCH-07
RL009W05,RL009,5,ETCH-03,FURN-02,ALD-01,EPI-01,ETCH-05,PVD-01,ETCH-07
RL009W06,RL009,6,ETCH-03,FURN-02,ALD-01,EPI-01,ETCH-05,PVD-01,ETCH-07
RL009W07,RL009,7,ETCH-03,FURN-02,ALD-01,EPI-01,ETCH-05,PVD-01,ETCH-07
RL009W08,RL009,8,ETCH-03,FURN-02,ALD-01,EPI-01,ETCH-05,PVD-01,ETCH-07
RL009W09,RL009,9,ETCH-03,FURN-02,ALD-01,EPI-01,ETCH-05,PVD-01,ETCH-07
RL009W10,RL009,10,ETCH-03,FURN-02,ALD-01,EPI-01,ETCH-05,PVD-01,ETCH-07
RL009W11,RL009,11,ETCH-03,FURN-02,ALD-01,EPI-01,ETCH-05,PVD-01,ETCH-07
RL009W12,RL009,12,ETCH-03,FURN-02,ALD-01,EPI-01,ETCH-05,PVD-01,ETCH-07
RL009W13,RL009,13,ETCH-03,FURN-02,ALD-01,EPI-01,ETCH-05,PVD-01,ETCH-07
RL009W14,RL009,14,ETCH-03,FURN-02,ALD-01,EPI-01,ETCH-05,PVD-01,ETCH-07
RL009W15,RL009,15,ETCH-03,FURN-02,ALD-01,EPI-01,ETCH-05,PVD-01,ETCH-07
RL009W16,RL009,16,ETCH-03,FURN-02,ALD-01,EPI-01,ETCH-05,PVD-01,ETCH-07
RL009W17,RL009,17,ETCH-03,FURN-02,ALD-01,EPI-01,ETCH-05,PVD-01,ETCH-07
RL009W18,RL009,18,ETCH-03,FURN-02,ALD-01,EPI-01,ETCH-05,PVD-01,ETCH-07
RL009W19,RL009,19,ETCH-03,FURN-02,ALD-01,EPI-01,ETCH-05,PVD-01,ETCH-07
RL009W20,RL009,20,ETCH-03,FURN-02,ALD-01,EPI-01,ETCH-05,PVD-01,ETCH-07
RL009W21,RL009,21,ETCH-03,FURN-02,ALD-01,EPI-01,ETCH-05,PVD-01,ETCH-07
RL009W22,RL009,22,ETCH-03,FURN-02,ALD-01,EPI-01,ETCH-05,PVD-01,ETCH-07
RL009W23,RL009,23,ETCH-03,FURN-02,ALD-01,EPI-01,ETCH-05,PVD-01,ETCH-07
RL009W24,RL009,24,ETCH-03,FURN-02,ALD-01,EPI-01,ETCH-05,PVD-01,ETCH-07
RL009W25,RL009,25,ETCH-03,FURN-02,ALD-01,EPI-01,ETCH-05,PVD-01,ETCH-07
RL010W01,RL010,1,ETCH-01,FURN-01,ALD-01,EPI-01,ETCH-04,PVD-02,ETCH-06
RL010W02,RL010,2,ETCH-01,FURN-01,ALD-01,EPI-01,ETCH-04,PVD-02,ETCH-06
RL010W03,RL010,3,ETCH-01,FURN-01,ALD-01,EPI-01,ETCH-04,PVD-02,ETCH-06
RL010W04,RL010,4,ETCH-01,FURN-01,ALD-01,EPI-01,ETCH-04,PVD-02,ETCH-06
RL010W05,RL010,5,ETCH-01,FURN-01,ALD-01,EPI-01,ETCH-04,PVD-02,ETCH-06
RL010W06,RL010,6,ETCH-01,FURN-01,ALD-01,EPI-01,ETCH-04,PVD-02,ETCH-06
RL010W07,RL010,7,ETCH-01,FURN-01,ALD-01,EPI-01,ETCH-04,PVD-02,ETCH-06
RL010W08,RL010,8,ETCH-01,FURN-01,ALD-01,EPI-01,ETCH-04,PVD-02,ETCH-06
RL010W09,RL010,9,ETCH-01,FURN-01,ALD-01,EPI-01,ETCH-04,PVD-02,ETCH-06
RL010W10,RL010,10,ETCH-01,FURN-01,ALD-01,EPI-01,ETCH-04,PVD-02,ETCH-06
RL010W11,RL010,11,ETCH-01,FURN-01,ALD-01,EPI-01,ETCH-04,PVD-02,ETCH-06
RL010W12,RL010,12,ETCH-01,FURN-01,ALD-01,EPI-01,ETCH-04,PVD-02,ETCH-06
RL010W13,RL010,13,ETCH-01,FURN-01,ALD-01,EPI-01,ETCH-04,PVD-02,ETCH-06
RL010W14,RL010,14,ETCH-01,FURN-01,ALD-01,EPI-01,ETCH-04,PVD-02,ETCH-06
RL010W15,RL010,15,ETCH-01,FURN-01,ALD-01,EPI-01,ETCH-04,PVD-02,ETCH-06
RL010W16,RL010,16,ETCH-01,FURN-01,ALD-01,EPI-01,ETCH-04,PVD-02,ETCH-06
RL010W17,RL010,17,ETCH-01,FURN-01,ALD-01,EPI-01,ETCH-04,PVD-02,ETCH-06
RL010W18,RL010,18,ETCH-01,FURN-01,ALD-01,EPI-01,ETCH-04,PVD-02,ETCH-06
RL010W19,RL010,19,ETCH-01,FURN-01,ALD-01,EPI-01,ETCH-04,PVD-02,ETCH-06
RL010W20,RL010,20,ETCH-01,FURN-01,ALD-01,EPI-01,ETCH-04,PVD-02,ETCH-06
RL010W21,RL010,21,ETCH-01,FURN-01,ALD-01,EPI-01,ETCH-04,PVD-02,ETCH-06
RL010W22,RL010,22,ETCH-01,FURN-01,ALD-01,EPI-01,ETCH-04,PVD-02,ETCH-06
RL010W23,RL010,23,ETCH-01,FURN-01,ALD-01,EPI-01,ETCH-04,PVD-02,ETCH-06
RL010W24,RL010,24,ETCH-01,FURN-01,ALD-01,EPI-01,ETCH-04,PVD-02,ETCH-06
RL010W25,RL010,25,ETCH-01,FURN-01,ALD-01,EPI-01,ETCH-04,PVD-02,ETCH-06
RL011W01,RL011,1,ETCH-01,FURN-01,ALD-02,EPI-02,ETCH-04,PVD-02,ETCH-06
RL011W02,RL011,2,ETCH-01,FURN-01,ALD-02,EPI-02,ETCH-04,PVD-02,ETCH-06
RL011W03,RL011,3,ETCH-01,FURN-01,ALD-02,EPI-02,ETCH-04,PVD-02,ETCH-06
RL011W04,RL011,4,ETCH-01,FURN-01,ALD-02,EPI-02,ETCH-04,PVD-02,ETCH-06
RL011W05,RL011,5,ETCH-01,FURN-01,ALD-02,EPI-02,ETCH-04,PVD-02,ETCH-06
RL011W06,RL011,6,ETCH-01,FURN-01,ALD-02,EPI-02,ETCH-04,PVD-02,ETCH-06
RL011W07,RL011,7,ETCH-01,FURN-01,ALD-02,EPI-02,ETCH-04,PVD-02,ETCH-06
RL011W08,RL011,8,ETCH-01,FURN-01,ALD-02,EPI-02,ETCH-04,PVD-02,ETCH-06
RL011W09,RL011,9,ETCH-01,FURN-01,ALD-02,EPI-02,ETCH-04,PVD-02,ETCH-06
RL011W10,RL011,10,ETCH-01,FURN-01,ALD-02,EPI-02,ETCH-04,PVD-02,ETCH-06
RL011W11,RL011,11,ETCH-01,FURN-01,ALD-02,EPI-02,ETCH-04,PVD-02,ETCH-06
RL011W12,RL011,12,ETCH-01,FURN-01,ALD-02,EPI-02,ETCH-04,PVD-02,ETCH-06
RL011W13,RL011,13,ETCH-01,FURN-01,ALD-02,EPI-02,ETCH-04,PVD-02,ETCH-06
RL011W14,RL011,14,ETCH-01,FURN-01,ALD-02,EPI-02,ETCH-04,PVD-02,ETCH-06
RL011W15,RL011,15,ETCH-01,FURN-01,ALD-02,EPI-02,ETCH-04,PVD-02,ETCH-06
RL011W16,RL011,16,ETCH-01,FURN-01,ALD-02,EPI-02,ETCH-04,PVD-02,ETCH-06
RL011W17,RL011,17,ETCH-01,FURN-01,ALD-02,EPI-02,ETCH-04,PVD-02,ETCH-06
RL011W18,RL011,18,ETCH-01,FURN-01,ALD-02,EPI-02,ETCH-04,PVD-02,ETCH-06
RL011W19,RL011,19,ETCH-01,FURN-01,ALD-02,EPI-02,ETCH-04,PVD-02,ETCH-06
RL011W20,RL011,20,ETCH-01,FURN-01,ALD-02,EPI-02,ETCH-04,PVD-02,ETCH-06
RL011W21,RL011,21,ETCH-01,FURN-01,ALD-02,EPI-02,ETCH-04,PVD-02,ETCH-06
RL011W22,RL011,22,ETCH-01,FURN-01,ALD-02,EPI-02,ETCH-04,PVD-02,ETCH-06
RL011W23,RL011,23,ETCH-01,FURN-01,ALD-02,EPI-02,ETCH-04,PVD-02,ETCH-06
RL011W24,RL011,24,ETCH-01,FURN-01,ALD-02,EPI-02,ETCH-04,PVD-02,ETCH-06
RL011W25,RL011,25,ETCH-01,FURN-01,ALD-02,EPI-02,ETCH-04,PVD-02,ETCH-06
RL012W01,RL012,1,ETCH-03,FURN-01,ALD-01,EPI-02,ETCH-05,PVD-02,ETCH-06
RL012W02,RL012,2,ETCH-03,FURN-01,ALD-01,EPI-02,ETCH-05,PVD-02,ETCH-06
RL012W03,RL012,3,ETCH-03,FURN-01,ALD-01,EPI-02,ETCH-05,PVD-02,ETCH-06
RL012W04,RL012,4,ETCH-03,FURN-01,ALD-01,EPI-02,ETCH-05,PVD-02,ETCH-06
RL012W05,RL012,5,ETCH-03,FURN-01,ALD-01,EPI-02,ETCH-05,PVD-02,ETCH-06
RL012W06,RL012,6,ETCH-03,FURN-01,ALD-01,EPI-02,ETCH-05,PVD-02,ETCH-06
RL012W07,RL012,7,ETCH-03,FURN-01,ALD-01,EPI-02,ETCH-05,PVD-02,ETCH-06
RL012W08,RL012,8,ETCH-03,FURN-01,ALD-01,EPI-02,ETCH-05,PVD-02,ETCH-06
RL012W09,RL012,9,ETCH-03,FURN-01,ALD-01,EPI-02,ETCH-05,PVD-02,ETCH-06
RL012W10,RL012,10,ETCH-03,FURN-01,ALD-01,EPI-02,ETCH-05,PVD-02,ETCH-06
RL012W11,RL012,11,ETCH-03,FURN-01,ALD-01,EPI-02,ETCH-05,PVD-02,ETCH-06
RL012W12,RL012,12,ETCH-03,FURN-01,ALD-01,EPI-02,ETCH-05,PVD-02,ETCH-06
RL012W13,RL012,13,ETCH-03,FURN-01,ALD-01,EPI-02,ETCH-05,PVD-02,ETCH-06
RL012W14,RL012,14,ETCH-03,FURN-01,ALD-01,EPI-02,ETCH-05,PVD-02,ETCH-06
RL012W15,RL012,15,ETCH-03,FURN-01,ALD-01,EPI-02,ETCH-05,PVD-02,ETCH-06
RL012W16,RL012,16,ETCH-03,FURN-01,ALD-01,EPI-02,ETCH-05,PVD-02,ETCH-06
RL012W17,RL012,17,ETCH-03,FURN-01,ALD-01,EPI-02,ETCH-05,PVD-02,ETCH-06
RL012W18,RL012,18,ETCH-03,FURN-01,ALD-01,EPI-02,ETCH-05,PVD-02,ETCH-06
RL012W19,RL012,19,ETCH-03,FURN-01,ALD-01,EPI-02,ETCH-05,PVD-02,ETCH-06
RL012W20,RL012,20,ETCH-03,FURN-01,ALD-01,EPI-02,ETCH-05,PVD-02,ETCH-06
RL012W21,RL012,21,ETCH-03,FURN-01,ALD-01,EPI-02,ETCH-05,PVD-02,ETCH-06
RL012W22,RL012,22,ETCH-03,FURN-01,ALD-01,EPI-02,ETCH-05,PVD-02,ETCH-06
RL012W23,RL012,23,ETCH-03,FURN-01,ALD-01,EPI-02,ETCH-05,PVD-02,ETCH-06
RL012W24,RL012,24,ETCH-03,FURN-01,ALD-01,EPI-02,ETCH-05,PVD-02,ETCH-06
RL012W25,RL012,25,ETCH-03,FURN-01,ALD-01,EPI-02,ETCH-05,PVD-02,ETCH-06
RL013W01,RL013,1,ETCH-03,FURN-02,ALD-02,EPI-02,ETCH-04,PVD-02,ETCH-06
RL013W02,RL013,2,ETCH-03,FURN-02,ALD-02,EPI-02,ETCH-04,PVD-02,ETCH-06
RL013W03,RL013,3,ETCH-03,FURN-02,ALD-02,EPI-02,ETCH-04,PVD-02,ETCH-06
RL013W04,RL013,4,ETCH-03,FURN-02,ALD-02,EPI-02,ETCH-04,PVD-02,ETCH-06
RL013W05,RL013,5,ETCH-03,FURN-02,ALD-02,EPI-02,ETCH-04,PVD-02,ETCH-06
RL013W06,RL013,6,ETCH-03,FURN-02,ALD-02,EPI-02,ETCH-04,PVD-02,ETCH-06
RL013W07,RL013,7,ETCH-03,FURN-02,ALD-02,EPI-02,ETCH-04,PVD-02,ETCH-06
RL013W08,RL013,8,ETCH-03,FURN-02,ALD-02,EPI-02,ETCH-04,PVD-02,ETCH-06
RL013W09,RL013,9,ETCH-03,FURN-02,ALD-02,EPI-02,ETCH-04,PVD-02,ETCH-06
RL013W10,RL013,10,ETCH-03,FURN-02,ALD-02,EPI-02,ETCH-04,PVD-02,ETCH-06
RL013W11,RL013,11,ETCH-03,FURN-02,ALD-02,EPI-02,ETCH-04,PVD-02,ETCH-06
RL013W12,RL013,12,ETCH-03,FURN-02,ALD-02,EPI-02,ETCH-04,PVD-02,ETCH-06
RL013W13,RL013,13,ETCH-03,FURN-02,ALD-02,EPI-02,ETCH-04,PVD-02,ETCH-06
RL013W14,RL013,14,ETCH-03,FURN-02,ALD-02,EPI-02,ETCH-04,PVD-02,ETCH-06
RL013W15,RL013,15,ETCH-03,FURN-02,ALD-02,EPI-02,ETCH-04,PVD-02,ETCH-06
RL013W16,RL013,16,ETCH-03,FURN-02,ALD-02,EPI-02,ETCH-04,PVD-02,ETCH-06
RL013W17,RL013,17,ETCH-03,FURN-02,ALD-02,EPI-02,ETCH-04,PVD-02,ETCH-06
RL013W18,RL013,18,ETCH-03,FURN-02,ALD-02,EPI-02,ETCH-04,PVD-02,ETCH-06
RL013W19,RL013,19,ETCH-03,FURN-02,ALD-02,EPI-02,ETCH-04,PVD-02,ETCH-06
RL013W20,RL013,20,ETCH-03,FURN-02,ALD-02,EPI-02,ETCH-04,PVD-02,ETCH-06
RL013W21,RL013,21,ETCH-03,FURN-02,ALD-02,EPI-02,ETCH-04,PVD-02,ETCH-06
RL013W22,RL013,22,ETCH-03,FURN-02,ALD-02,EPI-02,ETCH-04,PVD-02,ETCH-06
RL013W23,RL013,23,ETCH-03,FURN-02,ALD-02,EPI-02,ETCH-04,PVD-02,ETCH-06
RL013W24,RL013,24,ETCH-03,FURN-02,ALD-02,EPI-02,ETCH-04,PVD-02,ETCH-06
RL013W25,RL013,25,ETCH-03,FURN-02,ALD-02,EPI-02,ETCH-04,PVD-02,ETCH-06
RL014W01,RL014,1,ETCH-01,FURN-02,ALD-02,EPI-01,ETCH-05,PVD-02,ETCH-06
RL014W02,RL014,2,ETCH-01,FURN-02,ALD-02,EPI-01,ETCH-05,PVD-02,ETCH-06
RL014W03,RL014,3,ETCH-01,FURN-02,ALD-02,EPI-01,ETCH-05,PVD-02,ETCH-06
RL014W04,RL014,4,ETCH-01,FURN-02,ALD-02,EPI-01,ETCH-05,PVD-02,ETCH-06
RL014W05,RL014,5,ETCH-01,FURN-02,ALD-02,EPI-01,ETCH-05,PVD-02,ETCH-06
RL014W06,RL014,6,ETCH-01,FURN-02,ALD-02,EPI-01,ETCH-05,PVD-02,ETCH-06
RL014W07,RL014,7,ETCH-01,FURN-02,ALD-02,EPI-01,ETCH-05,PVD-02,ETCH-06
RL014W08,RL014,8,ETCH-01,FURN-02,ALD-02,EPI-01,ETCH-05,PVD-02,ETCH-06
RL014W09,RL014,9,ETCH-01,FURN-02,ALD-02,EPI-01,ETCH-05,PVD-02,ETCH-06
RL014W10,RL014,10,ETCH-01,FURN-02,ALD-02,EPI-01,ETCH-05,PVD-02,ETCH-06
RL014W11,RL014,11,ETCH-01,FURN-02,ALD-02,EPI-01,ETCH-05,PVD-02,ETCH-06
RL014W12,RL014,12,ETCH-01,FURN-02,ALD-02,EPI-01,ETCH-05,PVD-02,ETCH-06
RL014W13,RL014,13,ETCH-01,FURN-02,ALD-02,EPI-01,ETCH-05,PVD-02,ETCH-06
RL014W14,RL014,14,ETCH-01,FURN-02,ALD-02,EPI-01,ETCH-05,PVD-02,ETCH-06
RL014W15,RL014,15,ETCH-01,FURN-02,ALD-02,EPI-01,ETCH-05,PVD-02,ETCH-06
RL014W16,RL014,16,ETCH-01,FURN-02,ALD-02,EPI-01,ETCH-05,PVD-02,ETCH-06
RL014W17,RL014,17,ETCH-01,FURN-02,ALD-02,EPI-01,ETCH-05,PVD-02,ETCH-06
RL014W18,RL014,18,ETCH-01,FURN-02,ALD-02,EPI-01,ETCH-05,PVD-02,ETCH-06
RL014W19,RL014,19,ETCH-01,FURN-02,ALD-02,EPI-01,ETCH-05,PVD-02,ETCH-06
RL014W20,RL014,20,ETCH-01,FURN-02,ALD-02,EPI-01,ETCH-05,PVD-02,ETCH-06
RL014W21,RL014,21,ETCH-01,FURN-02,ALD-02,EPI-01,ETCH-05,PVD-02,ETCH-06
RL014W22,RL014,22,ETCH-01,FURN-02,ALD-02,EPI-01,ETCH-05,PVD-02,ETCH-06
RL014W23,RL014,23,ETCH-01,FURN-02,ALD-02,EPI-01,ETCH-05,PVD-02,ETCH-06
RL014W24,RL014,24,ETCH-01,FURN-02,ALD-02,EPI-01,ETCH-05,PVD-02,ETCH-06
RL014W25,RL014,25,ETCH-01,FURN-02,ALD-02,EPI-01,ETCH-05,PVD-02,ETCH-06
RL015W01,RL015,1,ETCH-03,FURN-02,ALD-02,EPI-02,ETCH-04,PVD-01,ETCH-06
RL015W02,RL015,2,ETCH-03,FURN-02,ALD-02,EPI-02,ETCH-04,PVD-01,ETCH-06
RL015W03,RL015,3,ETCH-03,FURN-02,ALD-02,EPI-02,ETCH-04,PVD-01,ETCH-06
RL015W04,RL015,4,ETCH-03,FURN-02,ALD-02,EPI-02,ETCH-04,PVD-01,ETCH-06
RL015W05,RL015,5,ETCH-03,FURN-02,ALD-02,EPI-02,ETCH-04,PVD-01,ETCH-06
RL015W06,RL015,6,ETCH-03,FURN-02,ALD-02,EPI-02,ETCH-04,PVD-01,ETCH-06
RL015W07,RL015,7,ETCH-03,FURN-02,ALD-02,EPI-02,ETCH-04,PVD-01,ETCH-06
RL015W08,RL015,8,ETCH-03,FURN-02,ALD-02,EPI-02,ETCH-04,PVD-01,ETCH-06
RL015W09,RL015,9,ETCH-03,FURN-02,ALD-02,EPI-02,ETCH-04,PVD-01,ETCH-06
RL015W10,RL015,10,ETCH-03,FURN-02,ALD-02,EPI-02,ETCH-04,PVD-01,ETCH-06
RL015W11,RL015,11,ETCH-03,FURN-02,ALD-02,EPI-02,ETCH-04,PVD-01,ETCH-06
RL015W12,RL015,12,ETCH-03,FURN-02,ALD-02,EPI-02,ETCH-04,PVD-01,ETCH-06
RL015W13,RL015,13,ETCH-03,FURN-02,ALD-02,EPI-02,ETCH-04,PVD-01,ETCH-06
RL015W14,RL015,14,ETCH-03,FURN-02,ALD-02,EPI-02,ETCH-04,PVD-01,ETCH-06
RL015W15,RL015,15,ETCH-03,FURN-02,ALD-02,EPI-02,ETCH-04,PVD-01,ETCH-06
RL015W16,RL015,16,ETCH-03,FURN-02,ALD-02,EPI-02,ETCH-04,PVD-01,ETCH-06
RL015W17,RL015,17,ETCH-03,FURN-02,ALD-02,EPI-02,ETCH-04,PVD-01,ETCH-06
RL015W18,RL015,18,ETCH-03,FURN-02,ALD-02,EPI-02,ETCH-04,PVD-01,ETCH-06
RL015W19,RL015,19,ETCH-03,FURN-02,ALD-02,EPI-02,ETCH-04,PVD-01,ETCH-06
RL015W20,RL015,20,ETCH-03,FURN-02,ALD-02,EPI-02,ETCH-04,PVD-01,ETCH-06
RL015W21,RL015,21,ETCH-03,FURN-02,ALD-02,EPI-02,ETCH-04,PVD-01,ETCH-06
RL015W22,RL015,22,ETCH-03,FURN-02,ALD-02,EPI-02,ETCH-04,PVD-01,ETCH-06
RL015W23,RL015,23,ETCH-03,FURN-02,ALD-02,EPI-02,ETCH-04,PVD-01,ETCH-06
RL015W24,RL015,24,ETCH-03,FURN-02,ALD-02,EPI-02,ETCH-04,PVD-01,ETCH-06
RL015W25,RL015,25,ETCH-03,FURN-02,ALD-02,EPI-02,ETCH-04,PVD-01,ETCH-06
RL016W01,RL016,1,ETCH-01,FURN-02,ALD-01,EPI-02,ETCH-05,PVD-01,ETCH-06
RL016W02,RL016,2,ETCH-01,FURN-02,ALD-01,EPI-02,ETCH-05,PVD-01,ETCH-06
RL016W03,RL016,3,ETCH-01,FURN-02,ALD-01,EPI-02,ETCH-05,PVD-01,ETCH-06
RL016W04,RL016,4,ETCH-01,FURN-02,ALD-01,EPI-02,ETCH-05,PVD-01,ETCH-06
RL016W05,RL016,5,ETCH-01,FURN-02,ALD-01,EPI-02,ETCH-05,PVD-01,ETCH-06
RL016W06,RL016,6,ETCH-01,FURN-02,ALD-01,EPI-02,ETCH-05,PVD-01,ETCH-06
RL016W07,RL016,7,ETCH-01,FURN-02,ALD-01,EPI-02,ETCH-05,PVD-01,ETCH-06
RL016W08,RL016,8,ETCH-01,FURN-02,ALD-01,EPI-02,ETCH-05,PVD-01,ETCH-06
RL016W09,RL016,9,ETCH-01,FURN-02,ALD-01,EPI-02,ETCH-05,PVD-01,ETCH-06
RL016W10,RL016,10,ETCH-01,FURN-02,ALD-01,EPI-02,ETCH-05,PVD-01,ETCH-06
RL016W11,RL016,11,ETCH-01,FURN-02,ALD-01,EPI-02,ETCH-05,PVD-01,ETCH-06
RL016W12,RL016,12,ETCH-01,FURN-02,ALD-01,EPI-02,ETCH-05,PVD-01,ETCH-06
RL016W13,RL016,13,ETCH-01,FURN-02,ALD-01,EPI-02,ETCH-05,PVD-01,ETCH-06
RL016W14,RL016,14,ETCH-01,FURN-02,ALD-01,EPI-02,ETCH-05,PVD-01,ETCH-06
RL016W15,RL016,15,ETCH-01,FURN-02,ALD-01,EPI-02,ETCH-05,PVD-01,ETCH-06
RL016W16,RL016,16,ETCH-01,FURN-02,ALD-01,EPI-02,ETCH-05,PVD-01,ETCH-06
RL016W17,RL016,17,ETCH-01,FURN-02,ALD-01,EPI-02,ETCH-05,PVD-01,ETCH-06
RL016W18,RL016,18,ETCH-01,FURN-02,ALD-01,EPI-02,ETCH-05,PVD-01,ETCH-06
RL016W19,RL016,19,ETCH-01,FURN-02,ALD-01,EPI-02,ETCH-05,PVD-01,ETCH-06
RL016W20,RL016,20,ETCH-01,FURN-02,ALD-01,EPI-02,ETCH-05,PVD-01,ETCH-06
RL016W21,RL016,21,ETCH-01,FURN-02,ALD-01,EPI-02,ETCH-05,PVD-01,ETCH-06
RL016W22,RL016,22,ETCH-01,FURN-02,ALD-01,EPI-02,ETCH-05,PVD-01,ETCH-06
RL016W23,RL016,23,ETCH-01,FURN-02,ALD-01,EPI-02,ETCH-05,PVD-01,ETCH-06
RL016W24,RL016,24,ETCH-01,FURN-02,ALD-01,EPI-02,ETCH-05,PVD-01,ETCH-06
RL016W25,RL016,25,ETCH-01,FURN-02,ALD-01,EPI-02,ETCH-05,PVD-01,ETCH-06
RL017W01,RL017,1,ETCH-03,FURN-02,ALD-01,EPI-01,ETCH-04,PVD-01,ETCH-07
RL017W02,RL017,2,ETCH-03,FURN-02,ALD-01,EPI-01,ETCH-04,PVD-01,ETCH-07
RL017W03,RL017,3,ETCH-03,FURN-02,ALD-01,EPI-01,ETCH-04,PVD-01,ETCH-07
RL017W04,RL017,4,ETCH-03,FURN-02,ALD-01,EPI-01,ETCH-04,PVD-01,ETCH-07
RL017W05,RL017,5,ETCH-03,FURN-02,ALD-01,EPI-01,ETCH-04,PVD-01,ETCH-07
RL017W06,RL017,6,ETCH-03,FURN-02,ALD-01,EPI-01,ETCH-04,PVD-01,ETCH-07
RL017W07,RL017,7,ETCH-03,FURN-02,ALD-01,EPI-01,ETCH-04,PVD-01,ETCH-07
RL017W08,RL017,8,ETCH-03,FURN-02,ALD-01,EPI-01,ETCH-04,PVD-01,ETCH-07
RL017W09,RL017,9,ETCH-03,FURN-02,ALD-01,EPI-01,ETCH-04,PVD-01,ETCH-07
RL017W10,RL017,10,ETCH-03,FURN-02,ALD-01,EPI-01,ETCH-04,PVD-01,ETCH-07
RL017W11,RL017,11,ETCH-03,FURN-02,ALD-01,EPI-01,ETCH-04,PVD-01,ETCH-07
RL017W12,RL017,12,ETCH-03,FURN-02,ALD-01,EPI-01,ETCH-04,PVD-01,ETCH-07
RL017W13,RL017,13,ETCH-03,FURN-02,ALD-01,EPI-01,ETCH-04,PVD-01,ETCH-07
RL017W14,RL017,14,ETCH-03,FURN-02,ALD-01,EPI-01,ETCH-04,PVD-01,ETCH-07
RL017W15,RL017,15,ETCH-03,FURN-02,ALD-01,EPI-01,ETCH-04,PVD-01,ETCH-07
RL017W16,RL017,16,ETCH-03,FURN-02,ALD-01,EPI-01,ETCH-04,PVD-01,ETCH-07
RL017W17,RL017,17,ETCH-03,FURN-02,ALD-01,EPI-01,ETCH-04,PVD-01,ETCH-07
RL017W18,RL017,18,ETCH-03,FURN-02,ALD-01,EPI-01,ETCH-04,PVD-01,ETCH-07
RL017W19,RL017,19,ETCH-03,FURN-02,ALD-01,EPI-01,ETCH-04,PVD-01,ETCH-07
RL017W20,RL017,20,ETCH-03,FURN-02,ALD-01,EPI-01,ETCH-04,PVD-01,ETCH-07
RL017W21,RL017,21,ETCH-03,FURN-02,ALD-01,EPI-01,ETCH-04,PVD-01,ETCH-07
RL017W22,RL017,22,ETCH-03,FURN-02,ALD-01,EPI-01,ETCH-04,PVD-01,ETCH-07
RL017W23,RL017,23,ETCH-03,FURN-02,ALD-01,EPI-01,ETCH-04,PVD-01,ETCH-07
RL017W24,RL017,24,ETCH-03,FURN-02,ALD-01,EPI-01,ETCH-04,PVD-01,ETCH-07
RL017W25,RL017,25,ETCH-03,FURN-02,ALD-01,EPI-01,ETCH-04,PVD-01,ETCH-07
RL018W01,RL018,1,ETCH-02,FURN-01,ALD-02,EPI-01,ETCH-05,PVD-02,ETCH-06
RL018W02,RL018,2,ETCH-02,FURN-01,ALD-02,EPI-01,ETCH-05,PVD-02,ETCH-06
RL018W03,RL018,3,ETCH-02,FURN-01,ALD-02,EPI-01,ETCH-05,PVD-02,ETCH-06
RL018W04,RL018,4,ETCH-02,FURN-01,ALD-02,EPI-01,ETCH-05,PVD-02,ETCH-06
RL018W05,RL018,5,ETCH-02,FURN-01,ALD-02,EPI-01,ETCH-05,PVD-02,ETCH-06
RL018W06,RL018,6,ETCH-02,FURN-01,ALD-02,EPI-01,ETCH-05,PVD-02,ETCH-06
RL018W07,RL018,7,ETCH-02,FURN-01,ALD-02,EPI-01,ETCH-05,PVD-02,ETCH-06
RL018W08,RL018,8,ETCH-02,FURN-01,ALD-02,EPI-01,ETCH-05,PVD-02,ETCH-06
RL018W09,RL018,9,ETCH-02,FURN-01,ALD-02,EPI-01,ETCH-05,PVD-02,ETCH-06
RL018W10,RL018,10,ETCH-02,FURN-01,ALD-02,EPI-01,ETCH-05,PVD-02,ETCH-06
RL018W11,RL018,11,ETCH-02,FURN-01,ALD-02,EPI-01,ETCH-05,PVD-02,ETCH-06
RL018W12,RL018,12,ETCH-02,FURN-01,ALD-02,EPI-01,ETCH-05,PVD-02,ETCH-06
RL018W13,RL018,13,ETCH-02,FURN-01,ALD-02,EPI-01,ETCH-05,PVD-02,ETCH-06
RL018W14,RL018,14,ETCH-02,FURN-01,ALD-02,EPI-01,ETCH-05,PVD-02,ETCH-06
RL018W15,RL018,15,ETCH-02,FURN-01,ALD-02,EPI-01,ETCH-05,PVD-02,ETCH-06
RL018W16,RL018,16,ETCH-02,FURN-01,ALD-02,EPI-01,ETCH-05,PVD-02,ETCH-06
RL018W17,RL018,17,ETCH-02,FURN-01,ALD-02,EPI-01,ETCH-05,PVD-02,ETCH-06
RL018W18,RL018,18,ETCH-02,FURN-01,ALD-02,EPI-01,ETCH-05,PVD-02,ETCH-06
RL018W19,RL018,19,ETCH-02,FURN-01,ALD-02,EPI-01,ETCH-05,PVD-02,ETCH-06
RL018W20,RL018,20,ETCH-02,FURN-01,ALD-02,EPI-01,ETCH-05,PVD-02,ETCH-06
RL018W21,RL018,21,ETCH-02,FURN-01,ALD-02,EPI-01,ETCH-05,PVD-02,ETCH-06
RL018W22,RL018,22,ETCH-02,FURN-01,ALD-02,EPI-01,ETCH-05,PVD-02,ETCH-06
RL018W23,RL018,23,ETCH-02,FURN-01,ALD-02,EPI-01,ETCH-05,PVD-02,ETCH-06
RL018W24,RL018,24,ETCH-02,FURN-01,ALD-02,EPI-01,ETCH-05,PVD-02,ETCH-06
RL018W25,RL018,25,ETCH-02,FURN-01,ALD-02,EPI-01,ETCH-05,PVD-02,ETCH-06
RL019W01,RL019,1,ETCH-03,FURN-01,ALD-02,EPI-01,ETCH-05,PVD-01,ETCH-07
RL019W02,RL019,2,ETCH-03,FURN-01,ALD-02,EPI-01,ETCH-05,PVD-01,ETCH-07
RL019W03,RL019,3,ETCH-03,FURN-01,ALD-02,EPI-01,ETCH-05,PVD-01,ETCH-07
RL019W04,RL019,4,ETCH-03,FURN-01,ALD-02,EPI-01,ETCH-05,PVD-01,ETCH-07
RL019W05,RL019,5,ETCH-03,FURN-01,ALD-02,EPI-01,ETCH-05,PVD-01,ETCH-07
RL019W06,RL019,6,ETCH-03,FURN-01,ALD-02,EPI-01,ETCH-05,PVD-01,ETCH-07
RL019W07,RL019,7,ETCH-03,FURN-01,ALD-02,EPI-01,ETCH-05,PVD-01,ETCH-07
RL019W08,RL019,8,ETCH-03,FURN-01,ALD-02,EPI-01,ETCH-05,PVD-01,ETCH-07
RL019W09,RL019,9,ETCH-03,FURN-01,ALD-02,EPI-01,ETCH-05,PVD-01,ETCH-07
RL019W10,RL019,10,ETCH-03,FURN-01,ALD-02,EPI-01,ETCH-05,PVD-01,ETCH-07
RL019W11,RL019,11,ETCH-03,FURN-01,ALD-02,EPI-01,ETCH-05,PVD-01,ETCH-07
RL019W12,RL019,12,ETCH-03,FURN-01,ALD-02,EPI-01,ETCH-05,PVD-01,ETCH-07
RL019W13,RL019,13,ETCH-03,FURN-01,ALD-02,EPI-01,ETCH-05,PVD-01,ETCH-07
RL019W14,RL019,14,ETCH-03,FURN-01,ALD-02,EPI-01,ETCH-05,PVD-01,ETCH-07
RL019W15,RL019,15,ETCH-03,FURN-01,ALD-02,EPI-01,ETCH-05,PVD-01,ETCH-07
RL019W16,RL019,16,ETCH-03,FURN-01,ALD-02,EPI-01,ETCH-05,PVD-01,ETCH-07
RL019W17,RL019,17,ETCH-03,FURN-01,ALD-02,EPI-01,ETCH-05,PVD-01,ETCH-07
RL019W18,RL019,18,ETCH-03,FURN-01,ALD-02,EPI-01,ETCH-05,PVD-01,ETCH-07
RL019W19,RL019,19,ETCH-03,FURN-01,ALD-02,EPI-01,ETCH-05,PVD-01,ETCH-07
RL019W20,RL019,20,ETCH-03,FURN-01,ALD-02,EPI-01,ETCH-05,PVD-01,ETCH-07
RL019W21,RL019,21,ETCH-03,FURN-01,ALD-02,EPI-01,ETCH-05,PVD-01,ETCH-07
RL019W22,RL019,22,ETCH-03,FURN-01,ALD-02,EPI-01,ETCH-05,PVD-01,ETCH-07
RL019W23,RL019,23,ETCH-03,FURN-01,ALD-02,EPI-01,ETCH-05,PVD-01,ETCH-07
RL019W24,RL019,24,ETCH-03,FURN-01,ALD-02,EPI-01,ETCH-05,PVD-01,ETCH-07
RL019W25,RL019,25,ETCH-03,FURN-01,ALD-02,EPI-01,ETCH-05,PVD-01,ETCH-07
RL020W01,RL020,1,ETCH-03,FURN-02,ALD-01,EPI-02,ETCH-05,PVD-01,ETCH-07
RL020W02,RL020,2,ETCH-03,FURN-02,ALD-01,EPI-02,ETCH-05,PVD-01,ETCH-07
RL020W03,RL020,3,ETCH-03,FURN-02,ALD-01,EPI-02,ETCH-05,PVD-01,ETCH-07
RL020W04,RL020,4,ETCH-03,FURN-02,ALD-01,EPI-02,ETCH-05,PVD-01,ETCH-07
RL020W05,RL020,5,ETCH-03,FURN-02,ALD-01,EPI-02,ETCH-05,PVD-01,ETCH-07
RL020W06,RL020,6,ETCH-03,FURN-02,ALD-01,EPI-02,ETCH-05,PVD-01,ETCH-07
RL020W07,RL020,7,ETCH-03,FURN-02,ALD-01,EPI-02,ETCH-05,PVD-01,ETCH-07
RL020W08,RL020,8,ETCH-03,FURN-02,ALD-01,EPI-02,ETCH-05,PVD-01,ETCH-07
RL020W09,RL020,9,ETCH-03,FURN-02,ALD-01,EPI-02,ETCH-05,PVD-01,ETCH-07
RL020W10,RL020,10,ETCH-03,FURN-02,ALD-01,EPI-02,ETCH-05,PVD-01,ETCH-07
RL020W11,RL020,11,ETCH-03,FURN-02,ALD-01,EPI-02,ETCH-05,PVD-01,ETCH-07
RL020W12,RL020,12,ETCH-03,FURN-02,ALD-01,EPI-02,ETCH-05,PVD-01,ETCH-07
RL020W13,RL020,13,ETCH-03,FURN-02,ALD-01,EPI-02,ETCH-05,PVD-01,ETCH-07
RL020W14,RL020,14,ETCH-03,FURN-02,ALD-01,EPI-02,ETCH-05,PVD-01,ETCH-07
RL020W15,RL020,15,ETCH-03,FURN-02,ALD-01,EPI-02,ETCH-05,PVD-01,ETCH-07
RL020W16,RL020,16,ETCH-03,FURN-02,ALD-01,EPI-02,ETCH-05,PVD-01,ETCH-07
RL020W17,RL020,17,ETCH-03,FURN-02,ALD-01,EPI-02,ETCH-05,PVD-01,ETCH-07
RL020W18,RL020,18,ETCH-03,FURN-02,ALD-01,EPI-02,ETCH-05,PVD-01,ETCH-07
RL020W19,RL020,19,ETCH-03,FURN-02,ALD-01,EPI-02,ETCH-05,PVD-01,ETCH-07
RL020W20,RL020,20,ETCH-03,FURN-02,ALD-01,EPI-02,ETCH-05,PVD-01,ETCH-07
RL020W21,RL020,21,ETCH-03,FURN-02,ALD-01,EPI-02,ETCH-05,PVD-01,ETCH-07
RL020W22,RL020,22,ETCH-03,FURN-02,ALD-01,EPI-02,ETCH-05,PVD-01,ETCH-07
RL020W23,RL020,23,ETCH-03,FURN-02,ALD-01,EPI-02,ETCH-05,PVD-01,ETCH-07
RL020W24,RL020,24,ETCH-03,FURN-02,ALD-01,EPI-02,ETCH-05,PVD-01,ETCH-07
RL020W25,RL020,25,ETCH-03,FURN-02,ALD-01,EPI-02,ETCH-05,PVD-01,ETCH-07
RL021W01,RL021,1,ETCH-02,FURN-02,ALD-02,EPI-01,ETCH-05,PVD-01,ETCH-07
RL021W02,RL021,2,ETCH-02,FURN-02,ALD-02,EPI-01,ETCH-05,PVD-01,ETCH-07
RL021W03,RL021,3,ETCH-02,FURN-02,ALD-02,EPI-01,ETCH-05,PVD-01,ETCH-07
RL021W04,RL021,4,ETCH-02,FURN-02,ALD-02,EPI-01,ETCH-05,PVD-01,ETCH-07
RL021W05,RL021,5,ETCH-02,FURN-02,ALD-02,EPI-01,ETCH-05,PVD-01,ETCH-07
RL021W06,RL021,6,ETCH-02,FURN-02,ALD-02,EPI-01,ETCH-05,PVD-01,ETCH-07
RL021W07,RL021,7,ETCH-02,FURN-02,ALD-02,EPI-01,ETCH-05,PVD-01,ETCH-07
RL021W08,RL021,8,ETCH-02,FURN-02,ALD-02,EPI-01,ETCH-05,PVD-01,ETCH-07
RL021W09,RL021,9,ETCH-02,FURN-02,ALD-02,EPI-01,ETCH-05,PVD-01,ETCH-07
RL021W10,RL021,10,ETCH-02,FURN-02,ALD-02,EPI-01,ETCH-05,PVD-01,ETCH-07
RL021W11,RL021,11,ETCH-02,FURN-02,ALD-02,EPI-01,ETCH-05,PVD-01,ETCH-07
RL021W12,RL021,12,ETCH-02,FURN-02,ALD-02,EPI-01,ETCH-05,PVD-01,ETCH-07
RL021W13,RL021,13,ETCH-02,FURN-02,ALD-02,EPI-01,ETCH-05,PVD-01,ETCH-07
RL021W14,RL021,14,ETCH-02,FURN-02,ALD-02,EPI-01,ETCH-05,PVD-01,ETCH-07
RL021W15,RL021,15,ETCH-02,FURN-02,ALD-02,EPI-01,ETCH-05,PVD-01,ETCH-07
RL021W16,RL021,16,ETCH-02,FURN-02,ALD-02,EPI-01,ETCH-05,PVD-01,ETCH-07
RL021W17,RL021,17,ETCH-02,FURN-02,ALD-02,EPI-01,ETCH-05,PVD-01,ETCH-07
RL021W18,RL021,18,ETCH-02,FURN-02,ALD-02,EPI-01,ETCH-05,PVD-01,ETCH-07
RL021W19,RL021,19,ETCH-02,FURN-02,ALD-02,EPI-01,ETCH-05,PVD-01,ETCH-07
RL021W20,RL021,20,ETCH-02,FURN-02,ALD-02,EPI-01,ETCH-05,PVD-01,ETCH-07
RL021W21,RL021,21,ETCH-02,FURN-02,ALD-02,EPI-01,ETCH-05,PVD-01,ETCH-07
RL021W22,RL021,22,ETCH-02,FURN-02,ALD-02,EPI-01,ETCH-05,PVD-01,ETCH-07
RL021W23,RL021,23,ETCH-02,FURN-02,ALD-02,EPI-01,ETCH-05,PVD-01,ETCH-07
RL021W24,RL021,24,ETCH-02,FURN-02,ALD-02,EPI-01,ETCH-05,PVD-01,ETCH-07
RL021W25,RL021,25,ETCH-02,FURN-02,ALD-02,EPI-01,ETCH-05,PVD-01,ETCH-07
RL022W01,RL022,1,ETCH-03,FURN-02,ALD-01,EPI-01,ETCH-04,PVD-01,ETCH-06
RL022W02,RL022,2,ETCH-03,FURN-02,ALD-01,EPI-01,ETCH-04,PVD-01,ETCH-06
RL022W03,RL022,3,ETCH-03,FURN-02,ALD-01,EPI-01,ETCH-04,PVD-01,ETCH-06
RL022W04,RL022,4,ETCH-03,FURN-02,ALD-01,EPI-01,ETCH-04,PVD-01,ETCH-06
RL022W05,RL022,5,ETCH-03,FURN-02,ALD-01,EPI-01,ETCH-04,PVD-01,ETCH-06
RL022W06,RL022,6,ETCH-03,FURN-02,ALD-01,EPI-01,ETCH-04,PVD-01,ETCH-06
RL022W07,RL022,7,ETCH-03,FURN-02,ALD-01,EPI-01,ETCH-04,PVD-01,ETCH-06
RL022W08,RL022,8,ETCH-03,FURN-02,ALD-01,EPI-01,ETCH-04,PVD-01,ETCH-06
RL022W09,RL022,9,ETCH-03,FURN-02,ALD-01,EPI-01,ETCH-04,PVD-01,ETCH-06
RL022W10,RL022,10,ETCH-03,FURN-02,ALD-01,EPI-01,ETCH-04,PVD-01,ETCH-06
RL022W11,RL022,11,ETCH-03,FURN-02,ALD-01,EPI-01,ETCH-04,PVD-01,ETCH-06
RL022W12,RL022,12,ETCH-03,FURN-02,ALD-01,EPI-01,ETCH-04,PVD-01,ETCH-06
RL022W13,RL022,13,ETCH-03,FURN-02,ALD-01,EPI-01,ETCH-04,PVD-01,ETCH-06
RL022W14,RL022,14,ETCH-03,FURN-02,ALD-01,EPI-01,ETCH-04,PVD-01,ETCH-06
RL022W15,RL022,15,ETCH-03,FURN-02,ALD-01,EPI-01,ETCH-04,PVD-01,ETCH-06
RL022W16,RL022,16,ETCH-03,FURN-02,ALD-01,EPI-01,ETCH-04,PVD-01,ETCH-06
RL022W17,RL022,17,ETCH-03,FURN-02,ALD-01,EPI-01,ETCH-04,PVD-01,ETCH-06
RL022W18,RL022,18,ETCH-03,FURN-02,ALD-01,EPI-01,ETCH-04,PVD-01,ETCH-06
RL022W19,RL022,19,ETCH-03,FURN-02,ALD-01,EPI-01,ETCH-04,PVD-01,ETCH-06
RL022W20,RL022,20,ETCH-03,FURN-02,ALD-01,EPI-01,ETCH-04,PVD-01,ETCH-06
RL022W21,RL022,21,ETCH-03,FURN-02,ALD-01,EPI-01,ETCH-04,PVD-01,ETCH-06
RL022W22,RL022,22,ETCH-03,FURN-02,ALD-01,EPI-01,ETCH-04,PVD-01,ETCH-06
RL022W23,RL022,23,ETCH-03,FURN-02,ALD-01,EPI-01,ETCH-04,PVD-01,ETCH-06
RL022W24,RL022,24,ETCH-03,FURN-02,ALD-01,EPI-01,ETCH-04,PVD-01,ETCH-06
RL022W25,RL022,25,ETCH-03,FURN-02,ALD-01,EPI-01,ETCH-04,PVD-01,ETCH-06
RL023W01,RL023,1,ETCH-02,FURN-02,ALD-02,EPI-01,ETCH-04,PVD-01,ETCH-06
RL023W02,RL023,2,ETCH-02,FURN-02,ALD-02,EPI-01,ETCH-04,PVD-01,ETCH-06
RL023W03,RL023,3,ETCH-02,FURN-02,ALD-02,EPI-01,ETCH-04,PVD-01,ETCH-06
RL023W04,RL023,4,ETCH-02,FURN-02,ALD-02,EPI-01,ETCH-04,PVD-01,ETCH-06
RL023W05,RL023,5,ETCH-02,FURN-02,ALD-02,EPI-01,ETCH-04,PVD-01,ETCH-06
RL023W06,RL023,6,ETCH-02,FURN-02,ALD-02,EPI-01,ETCH-04,PVD-01,ETCH-06
RL023W07,RL023,7,ETCH-02,FURN-02,ALD-02,EPI-01,ETCH-04,PVD-01,ETCH-06
RL023W08,RL023,8,ETCH-02,FURN-02,ALD-02,EPI-01,ETCH-04,PVD-01,ETCH-06
RL023W09,RL023,9,ETCH-02,FURN-02,ALD-02,EPI-01,ETCH-04,PVD-01,ETCH-06
RL023W10,RL023,10,ETCH-02,FURN-02,ALD-02,EPI-01,ETCH-04,PVD-01,ETCH-06
RL023W11,RL023,11,ETCH-02,FURN-02,ALD-02,EPI-01,ETCH-04,PVD-01,ETCH-06
RL023W12,RL023,12,ETCH-02,FURN-02,ALD-02,EPI-01,ETCH-04,PVD-01,ETCH-06
RL023W13,RL023,13,ETCH-02,FURN-02,ALD-02,EPI-01,ETCH-04,PVD-01,ETCH-06
RL023W14,RL023,14,ETCH-02,FURN-02,ALD-02,EPI-01,ETCH-04,PVD-01,ETCH-06
RL023W15,RL023,15,ETCH-02,FURN-02,ALD-02,EPI-01,ETCH-04,PVD-01,ETCH-06
RL023W16,RL023,16,ETCH-02,FURN-02,ALD-02,EPI-01,ETCH-04,PVD-01,ETCH-06
RL023W17,RL023,17,ETCH-02,FURN-02,ALD-02,EPI-01,ETCH-04,PVD-01,ETCH-06
RL023W18,RL023,18,ETCH-02,FURN-02,ALD-02,EPI-01,ETCH-04,PVD-01,ETCH-06
RL023W19,RL023,19,ETCH-02,FURN-02,ALD-02,EPI-01,ETCH-04,PVD-01,ETCH-06
RL023W20,RL023,20,ETCH-02,FURN-02,ALD-02,EPI-01,ETCH-04,PVD-01,ETCH-06
RL023W21,RL023,21,ETCH-02,FURN-02,ALD-02,EPI-01,ETCH-04,PVD-01,ETCH-06
RL023W22,RL023,22,ETCH-02,FURN-02,ALD-02,EPI-01,ETCH-04,PVD-01,ETCH-06
RL023W23,RL023,23,ETCH-02,FURN-02,ALD-02,EPI-01,ETCH-04,PVD-01,ETCH-06
RL023W24,RL023,24,ETCH-02,FURN-02,ALD-02,EPI-01,ETCH-04,PVD-01,ETCH-06
RL023W25,RL023,25,ETCH-02,FURN-02,ALD-02,EPI-01,ETCH-04,PVD-01,ETCH-06
RL024W01,RL024,1,ETCH-03,FURN-02,ALD-02,EPI-02,ETCH-04,PVD-01,ETCH-07
RL024W02,RL024,2,ETCH-03,FURN-02,ALD-02,EPI-02,ETCH-04,PVD-01,ETCH-07
RL024W03,RL024,3,ETCH-03,FURN-02,ALD-02,EPI-02,ETCH-04,PVD-01,ETCH-07
RL024W04,RL024,4,ETCH-03,FURN-02,ALD-02,EPI-02,ETCH-04,PVD-01,ETCH-07
RL024W05,RL024,5,ETCH-03,FURN-02,ALD-02,EPI-02,ETCH-04,PVD-01,ETCH-07
RL024W06,RL024,6,ETCH-03,FURN-02,ALD-02,EPI-02,ETCH-04,PVD-01,ETCH-07
RL024W07,RL024,7,ETCH-03,FURN-02,ALD-02,EPI-02,ETCH-04,PVD-01,ETCH-07
RL024W08,RL024,8,ETCH-03,FURN-02,ALD-02,EPI-02,ETCH-04,PVD-01,ETCH-07
RL024W09,RL024,9,ETCH-03,FURN-02,ALD-02,EPI-02,ETCH-04,PVD-01,ETCH-07
RL024W10,RL024,10,ETCH-03,FURN-02,ALD-02,EPI-02,ETCH-04,PVD-01,ETCH-07
RL024W11,RL024,11,ETCH-03,FURN-02,ALD-02,EPI-02,ETCH-04,PVD-01,ETCH-07
RL024W12,RL024,12,ETCH-03,FURN-02,ALD-02,EPI-02,ETCH-04,PVD-01,ETCH-07
RL024W13,RL024,13,ETCH-03,FURN-02,ALD-02,EPI-02,ETCH-04,PVD-01,ETCH-07
RL024W14,RL024,14,ETCH-03,FURN-02,ALD-02,EPI-02,ETCH-04,PVD-01,ETCH-07
RL024W15,RL024,15,ETCH-03,FURN-02,ALD-02,EPI-02,ETCH-04,PVD-01,ETCH-07
RL024W16,RL024,16,ETCH-03,FURN-02,ALD-02,EPI-02,ETCH-04,PVD-01,ETCH-07
RL024W17,RL024,17,ETCH-03,FURN-02,ALD-02,EPI-02,ETCH-04,PVD-01,ETCH-07
RL024W18,RL024,18,ETCH-03,FURN-02,ALD-02,EPI-02,ETCH-04,PVD-01,ETCH-07
RL024W19,RL024,19,ETCH-03,FURN-02,ALD-02,EPI-02,ETCH-04,PVD-01,ETCH-07
RL024W20,RL024,20,ETCH-03,FURN-02,ALD-02,EPI-02,ETCH-04,PVD-01,ETCH-07
RL024W21,RL024,21,ETCH-03,FURN-02,ALD-02,EPI-02,ETCH-04,PVD-01,ETCH-07
RL024W22,RL024,22,ETCH-03,FURN-02,ALD-02,EPI-02,ETCH-04,PVD-01,ETCH-07
RL024W23,RL024,23,ETCH-03,FURN-02,ALD-02,EPI-02,ETCH-04,PVD-01,ETCH-07
RL024W24,RL024,24,ETCH-03,FURN-02,ALD-02,EPI-02,ETCH-04,PVD-01,ETCH-07
RL024W25,RL024,25,ETCH-03,FURN-02,ALD-02,EPI-02,ETCH-04,PVD-01,ETCH-07
RL025W01,RL025,1,ETCH-01,FURN-02,ALD-01,EPI-02,ETCH-04,PVD-01,ETCH-06
RL025W02,RL025,2,ETCH-01,FURN-02,ALD-01,EPI-02,ETCH-04,PVD-01,ETCH-06
RL025W03,RL025,3,ETCH-01,FURN-02,ALD-01,EPI-02,ETCH-04,PVD-01,ETCH-06
RL025W04,RL025,4,ETCH-01,FURN-02,ALD-01,EPI-02,ETCH-04,PVD-01,ETCH-06
RL025W05,RL025,5,ETCH-01,FURN-02,ALD-01,EPI-02,ETCH-04,PVD-01,ETCH-06
RL025W06,RL025,6,ETCH-01,FURN-02,ALD-01,EPI-02,ETCH-04,PVD-01,ETCH-06
RL025W07,RL025,7,ETCH-01,FURN-02,ALD-01,EPI-02,ETCH-04,PVD-01,ETCH-06
RL025W08,RL025,8,ETCH-01,FURN-02,ALD-01,EPI-02,ETCH-04,PVD-01,ETCH-06
RL025W09,RL025,9,ETCH-01,FURN-02,ALD-01,EPI-02,ETCH-04,PVD-01,ETCH-06
RL025W10,RL025,10,ETCH-01,FURN-02,ALD-01,EPI-02,ETCH-04,PVD-01,ETCH-06
RL025W11,RL025,11,ETCH-01,FURN-02,ALD-01,EPI-02,ETCH-04,PVD-01,ETCH-06
RL025W12,RL025,12,ETCH-01,FURN-02,ALD-01,EPI-02,ETCH-04,PVD-01,ETCH-06
RL025W13,RL025,13,ETCH-01,FURN-02,ALD-01,EPI-02,ETCH-04,PVD-01,ETCH-06
RL025W14,RL025,14,ETCH-01,FURN-02,ALD-01,EPI-02,ETCH-04,PVD-01,ETCH-06
RL025W15,RL025,15,ETCH-01,FURN-02,ALD-01,EPI-02,ETCH-04,PVD-01,ETCH-06
RL025W16,RL025,16,ETCH-01,FURN-02,ALD-01,EPI-02,ETCH-04,PVD-01,ETCH-06
RL025W17,RL025,17,ETCH-01,FURN-02,ALD-01,EPI-02,ETCH-04,PVD-01,ETCH-06
RL025W18,RL025,18,ETCH-01,FURN-02,ALD-01,EPI-02,ETCH-04,PVD-01,ETCH-06
RL025W19,RL025,19,ETCH-01,FURN-02,ALD-01,EPI-02,ETCH-04,PVD-01,ETCH-06
RL025W20,RL025,20,ETCH-01,FURN-02,ALD-01,EPI-02,ETCH-04,PVD-01,ETCH-06
RL025W21,RL025,21,ETCH-01,FURN-02,ALD-01,EPI-02,ETCH-04,PVD-01,ETCH-06
RL025W22,RL025,22,ETCH-01,FURN-02,ALD-01,EPI-02,ETCH-04,PVD-01,ETCH-06
RL025W23,RL025,23,ETCH-01,FURN-02,ALD-01,EPI-02,ETCH-04,PVD-01,ETCH-06
RL025W24,RL025,24,ETCH-01,FURN-02,ALD-01,EPI-02,ETCH-04,PVD-01,ETCH-06
RL025W25,RL025,25,ETCH-01,FURN-02,ALD-01,EPI-02,ETCH-04,PVD-01,ETCH-06
RL026W01,RL026,1,ETCH-03,FURN-01,ALD-01,EPI-02,ETCH-04,PVD-02,ETCH-06
RL026W02,RL026,2,ETCH-03,FURN-01,ALD-01,EPI-02,ETCH-04,PVD-02,ETCH-06
RL026W03,RL026,3,ETCH-03,FURN-01,ALD-01,EPI-02,ETCH-04,PVD-02,ETCH-06
RL026W04,RL026,4,ETCH-03,FURN-01,ALD-01,EPI-02,ETCH-04,PVD-02,ETCH-06
RL026W05,RL026,5,ETCH-03,FURN-01,ALD-01,EPI-02,ETCH-04,PVD-02,ETCH-06
RL026W06,RL026,6,ETCH-03,FURN-01,ALD-01,EPI-02,ETCH-04,PVD-02,ETCH-06
RL026W07,RL026,7,ETCH-03,FURN-01,ALD-01,EPI-02,ETCH-04,PVD-02,ETCH-06
RL026W08,RL026,8,ETCH-03,FURN-01,ALD-01,EPI-02,ETCH-04,PVD-02,ETCH-06
RL026W09,RL026,9,ETCH-03,FURN-01,ALD-01,EPI-02,ETCH-04,PVD-02,ETCH-06
RL026W10,RL026,10,ETCH-03,FURN-01,ALD-01,EPI-02,ETCH-04,PVD-02,ETCH-06
RL026W11,RL026,11,ETCH-03,FURN-01,ALD-01,EPI-02,ETCH-04,PVD-02,ETCH-06
RL026W12,RL026,12,ETCH-03,FURN-01,ALD-01,EPI-02,ETCH-04,PVD-02,ETCH-06
RL026W13,RL026,13,ETCH-03,FURN-01,ALD-01,EPI-02,ETCH-04,PVD-02,ETCH-06
RL026W14,RL026,14,ETCH-03,FURN-01,ALD-01,EPI-02,ETCH-04,PVD-02,ETCH-06
RL026W15,RL026,15,ETCH-03,FURN-01,ALD-01,EPI-02,ETCH-04,PVD-02,ETCH-06
RL026W16,RL026,16,ETCH-03,FURN-01,ALD-01,EPI-02,ETCH-04,PVD-02,ETCH-06
RL026W17,RL026,17,ETCH-03,FURN-01,ALD-01,EPI-02,ETCH-04,PVD-02,ETCH-06
RL026W18,RL026,18,ETCH-03,FURN-01,ALD-01,EPI-02,ETCH-04,PVD-02,ETCH-06
RL026W19,RL026,19,ETCH-03,FURN-01,ALD-01,EPI-02,ETCH-04,PVD-02,ETCH-06
RL026W20,RL026,20,ETCH-03,FURN-01,ALD-01,EPI-02,ETCH-04,PVD-02,ETCH-06
RL026W21,RL026,21,ETCH-03,FURN-01,ALD-01,EPI-02,ETCH-04,PVD-02,ETCH-06
RL026W22,RL026,22,ETCH-03,FURN-01,ALD-01,EPI-02,ETCH-04,PVD-02,ETCH-06
RL026W23,RL026,23,ETCH-03,FURN-01,ALD-01,EPI-02,ETCH-04,PVD-02,ETCH-06
RL026W24,RL026,24,ETCH-03,FURN-01,ALD-01,EPI-02,ETCH-04,PVD-02,ETCH-06
RL026W25,RL026,25,ETCH-03,FURN-01,ALD-01,EPI-02,ETCH-04,PVD-02,ETCH-06
RL027W01,RL027,1,ETCH-03,FURN-02,ALD-01,EPI-02,ETCH-05,PVD-02,ETCH-07
RL027W02,RL027,2,ETCH-03,FURN-02,ALD-01,EPI-02,ETCH-05,PVD-02,ETCH-07
RL027W03,RL027,3,ETCH-03,FURN-02,ALD-01,EPI-02,ETCH-05,PVD-02,ETCH-07
RL027W04,RL027,4,ETCH-03,FURN-02,ALD-01,EPI-02,ETCH-05,PVD-02,ETCH-07
RL027W05,RL027,5,ETCH-03,FURN-02,ALD-01,EPI-02,ETCH-05,PVD-02,ETCH-07
RL027W06,RL027,6,ETCH-03,FURN-02,ALD-01,EPI-02,ETCH-05,PVD-02,ETCH-07
RL027W07,RL027,7,ETCH-03,FURN-02,ALD-01,EPI-02,ETCH-05,PVD-02,ETCH-07
RL027W08,RL027,8,ETCH-03,FURN-02,ALD-01,EPI-02,ETCH-05,PVD-02,ETCH-07
RL027W09,RL027,9,ETCH-03,FURN-02,ALD-01,EPI-02,ETCH-05,PVD-02,ETCH-07
RL027W10,RL027,10,ETCH-03,FURN-02,ALD-01,EPI-02,ETCH-05,PVD-02,ETCH-07
RL027W11,RL027,11,ETCH-03,FURN-02,ALD-01,EPI-02,ETCH-05,PVD-02,ETCH-07
RL027W12,RL027,12,ETCH-03,FURN-02,ALD-01,EPI-02,ETCH-05,PVD-02,ETCH-07
RL027W13,RL027,13,ETCH-03,FURN-02,ALD-01,EPI-02,ETCH-05,PVD-02,ETCH-07
RL027W14,RL027,14,ETCH-03,FURN-02,ALD-01,EPI-02,ETCH-05,PVD-02,ETCH-07
RL027W15,RL027,15,ETCH-03,FURN-02,ALD-01,EPI-02,ETCH-05,PVD-02,ETCH-07
RL027W16,RL027,16,ETCH-03,FURN-02,ALD-01,EPI-02,ETCH-05,PVD-02,ETCH-07
RL027W17,RL027,17,ETCH-03,FURN-02,ALD-01,EPI-02,ETCH-05,PVD-02,ETCH-07
RL027W18,RL027,18,ETCH-03,FURN-02,ALD-01,EPI-02,ETCH-05,PVD-02,ETCH-07
RL027W19,RL027,19,ETCH-03,FURN-02,ALD-01,EPI-02,ETCH-05,PVD-02,ETCH-07
RL027W20,RL027,20,ETCH-03,FURN-02,ALD-01,EPI-02,ETCH-05,PVD-02,ETCH-07
RL027W21,RL027,21,ETCH-03,FURN-02,ALD-01,EPI-02,ETCH-05,PVD-02,ETCH-07
RL027W22,RL027,22,ETCH-03,FURN-02,ALD-01,EPI-02,ETCH-05,PVD-02,ETCH-07
RL027W23,RL027,23,ETCH-03,FURN-02,ALD-01,EPI-02,ETCH-05,PVD-02,ETCH-07
RL027W24,RL027,24,ETCH-03,FURN-02,ALD-01,EPI-02,ETCH-05,PVD-02,ETCH-07
RL027W25,RL027,25,ETCH-03,FURN-02,ALD-01,EPI-02,ETCH-05,PVD-02,ETCH-07
RL028W01,RL028,1,ETCH-02,FURN-02,ALD-02,EPI-02,ETCH-05,PVD-02,ETCH-06
RL028W02,RL028,2,ETCH-02,FURN-02,ALD-02,EPI-02,ETCH-05,PVD-02,ETCH-06
RL028W03,RL028,3,ETCH-02,FURN-02,ALD-02,EPI-02,ETCH-05,PVD-02,ETCH-06
RL028W04,RL028,4,ETCH-02,FURN-02,ALD-02,EPI-02,ETCH-05,PVD-02,ETCH-06
RL028W05,RL028,5,ETCH-02,FURN-02,ALD-02,EPI-02,ETCH-05,PVD-02,ETCH-06
RL028W06,RL028,6,ETCH-02,FURN-02,ALD-02,EPI-02,ETCH-05,PVD-02,ETCH-06
RL028W07,RL028,7,ETCH-02,FURN-02,ALD-02,EPI-02,ETCH-05,PVD-02,ETCH-06
RL028W08,RL028,8,ETCH-02,FURN-02,ALD-02,EPI-02,ETCH-05,PVD-02,ETCH-06
RL028W09,RL028,9,ETCH-02,FURN-02,ALD-02,EPI-02,ETCH-05,PVD-02,ETCH-06
RL028W10,RL028,10,ETCH-02,FURN-02,ALD-02,EPI-02,ETCH-05,PVD-02,ETCH-06
RL028W11,RL028,11,ETCH-02,FURN-02,ALD-02,EPI-02,ETCH-05,PVD-02,ETCH-06
RL028W12,RL028,12,ETCH-02,FURN-02,ALD-02,EPI-02,ETCH-05,PVD-02,ETCH-06
RL028W13,RL028,13,ETCH-02,FURN-02,ALD-02,EPI-02,ETCH-05,PVD-02,ETCH-06
RL028W14,RL028,14,ETCH-02,FURN-02,ALD-02,EPI-02,ETCH-05,PVD-02,ETCH-06
RL028W15,RL028,15,ETCH-02,FURN-02,ALD-02,EPI-02,ETCH-05,PVD-02,ETCH-06
RL028W16,RL028,16,ETCH-02,FURN-02,ALD-02,EPI-02,ETCH-05,PVD-02,ETCH-06
RL028W17,RL028,17,ETCH-02,FURN-02,ALD-02,EPI-02,ETCH-05,PVD-02,ETCH-06
RL028W18,RL028,18,ETCH-02,FURN-02,ALD-02,EPI-02,ETCH-05,PVD-02,ETCH-06
RL028W19,RL028,19,ETCH-02,FURN-02,ALD-02,EPI-02,ETCH-05,PVD-02,ETCH-06
RL028W20,RL028,20,ETCH-02,FURN-02,ALD-02,EPI-02,ETCH-05,PVD-02,ETCH-06
RL028W21,RL028,21,ETCH-02,FURN-02,ALD-02,EPI-02,ETCH-05,PVD-02,ETCH-06
RL028W22,RL028,22,ETCH-02,FURN-02,ALD-02,EPI-02,ETCH-05,PVD-02,ETCH-06
RL028W23,RL028,23,ETCH-02,FURN-02,ALD-02,EPI-02,ETCH-05,PVD-02,ETCH-06
RL028W24,RL028,24,ETCH-02,FURN-02,ALD-02,EPI-02,ETCH-05,PVD-02,ETCH-06
RL028W25,RL028,25,ETCH-02,FURN-02,ALD-02,EPI-02,ETCH-05,PVD-02,ETCH-06
RL029W01,RL029,1,ETCH-01,FURN-02,ALD-01,EPI-01,ETCH-05,PVD-02,ETCH-07
RL029W02,RL029,2,ETCH-01,FURN-02,ALD-01,EPI-01,ETCH-05,PVD-02,ETCH-07
RL029W03,RL029,3,ETCH-01,FURN-02,ALD-01,EPI-01,ETCH-05,PVD-02,ETCH-07
RL029W04,RL029,4,ETCH-01,FURN-02,ALD-01,EPI-01,ETCH-05,PVD-02,ETCH-07
RL029W05,RL029,5,ETCH-01,FURN-02,ALD-01,EPI-01,ETCH-05,PVD-02,ETCH-07
RL029W06,RL029,6,ETCH-01,FURN-02,ALD-01,EPI-01,ETCH-05,PVD-02,ETCH-07
RL029W07,RL029,7,ETCH-01,FURN-02,ALD-01,EPI-01,ETCH-05,PVD-02,ETCH-07
RL029W08,RL029,8,ETCH-01,FURN-02,ALD-01,EPI-01,ETCH-05,PVD-02,ETCH-07
RL029W09,RL029,9,ETCH-01,FURN-02,ALD-01,EPI-01,ETCH-05,PVD-02,ETCH-07
RL029W10,RL029,10,ETCH-01,FURN-02,ALD-01,EPI-01,ETCH-05,PVD-02,ETCH-07
RL029W11,RL029,11,ETCH-01,FURN-02,ALD-01,EPI-01,ETCH-05,PVD-02,ETCH-07
RL029W12,RL029,12,ETCH-01,FURN-02,ALD-01,EPI-01,ETCH-05,PVD-02,ETCH-07
RL029W13,RL029,13,ETCH-01,FURN-02,ALD-01,EPI-01,ETCH-05,PVD-02,ETCH-07
RL029W14,RL029,14,ETCH-01,FURN-02,ALD-01,EPI-01,ETCH-05,PVD-02,ETCH-07
RL029W15,RL029,15,ETCH-01,FURN-02,ALD-01,EPI-01,ETCH-05,PVD-02,ETCH-07
RL029W16,RL029,16,ETCH-01,FURN-02,ALD-01,EPI-01,ETCH-05,PVD-02,ETCH-07
RL029W17,RL029,17,ETCH-01,FURN-02,ALD-01,EPI-01,ETCH-05,PVD-02,ETCH-07
RL029W18,RL029,18,ETCH-01,FURN-02,ALD-01,EPI-01,ETCH-05,PVD-02,ETCH-07
RL029W19,RL029,19,ETCH-01,FURN-02,ALD-01,EPI-01,ETCH-05,PVD-02,ETCH-07
RL029W20,RL029,20,ETCH-01,FURN-02,ALD-01,EPI-01,ETCH-05,PVD-02,ETCH-07
RL029W21,RL029,21,ETCH-01,FURN-02,ALD-01,EPI-01,ETCH-05,PVD-02,ETCH-07
RL029W22,RL029,22,ETCH-01,FURN-02,ALD-01,EPI-01,ETCH-05,PVD-02,ETCH-07
RL029W23,RL029,23,ETCH-01,FURN-02,ALD-01,EPI-01,ETCH-05,PVD-02,ETCH-07
RL029W24,RL029,24,ETCH-01,FURN-02,ALD-01,EPI-01,ETCH-05,PVD-02,ETCH-07
RL029W25,RL029,25,ETCH-01,FURN-02,ALD-01,EPI-01,ETCH-05,PVD-02,ETCH-07
RL030W01,RL030,1,ETCH-02,FURN-02,ALD-02,EPI-01,ETCH-05,PVD-02,ETCH-07
RL030W02,RL030,2,ETCH-02,FURN-02,ALD-02,EPI-01,ETCH-05,PVD-02,ETCH-07
RL030W03,RL030,3,ETCH-02,FURN-02,ALD-02,EPI-01,ETCH-05,PVD-02,ETCH-07
RL030W04,RL030,4,ETCH-02,FURN-02,ALD-02,EPI-01,ETCH-05,PVD-02,ETCH-07
RL030W05,RL030,5,ETCH-02,FURN-02,ALD-02,EPI-01,ETCH-05,PVD-02,ETCH-07
RL030W06,RL030,6,ETCH-02,FURN-02,ALD-02,EPI-01,ETCH-05,PVD-02,ETCH-07
RL030W07,RL030,7,ETCH-02,FURN-02,ALD-02,EPI-01,ETCH-05,PVD-02,ETCH-07
RL030W08,RL030,8,ETCH-02,FURN-02,ALD-02,EPI-01,ETCH-05,PVD-02,ETCH-07
RL030W09,RL030,9,ETCH-02,FURN-02,ALD-02,EPI-01,ETCH-05,PVD-02,ETCH-07
RL030W10,RL030,10,ETCH-02,FURN-02,ALD-02,EPI-01,ETCH-05,PVD-02,ETCH-07
RL030W11,RL030,11,ETCH-02,FURN-02,ALD-02,EPI-01,ETCH-05,PVD-02,ETCH-07
RL030W12,RL030,12,ETCH-02,FURN-02,ALD-02,EPI-01,ETCH-05,PVD-02,ETCH-07
RL030W13,RL030,13,ETCH-02,FURN-02,ALD-02,EPI-01,ETCH-05,PVD-02,ETCH-07
RL030W14,RL030,14,ETCH-02,FURN-02,ALD-02,EPI-01,ETCH-05,PVD-02,ETCH-07
RL030W15,RL030,15,ETCH-02,FURN-02,ALD-02,EPI-01,ETCH-05,PVD-02,ETCH-07
RL030W16,RL030,16,ETCH-02,FURN-02,ALD-02,EPI-01,ETCH-05,PVD-02,ETCH-07
RL030W17,RL030,17,ETCH-02,FURN-02,ALD-02,EPI-01,ETCH-05,PVD-02,ETCH-07
RL030W18,RL030,18,ETCH-02,FURN-02,ALD-02,EPI-01,ETCH-05,PVD-02,ETCH-07
RL030W19,RL030,19,ETCH-02,FURN-02,ALD-02,EPI-01,ETCH-05,PVD-02,ETCH-07
RL030W20,RL030,20,ETCH-02,FURN-02,ALD-02,EPI-01,ETCH-05,PVD-02,ETCH-07
RL030W21,RL030,21,ETCH-02,FURN-02,ALD-02,EPI-01,ETCH-05,PVD-02,ETCH-07
RL030W22,RL030,22,ETCH-02,FURN-02,ALD-02,EPI-01,ETCH-05,PVD-02,ETCH-07
RL030W23,RL030,23,ETCH-02,FURN-02,ALD-02,EPI-01,ETCH-05,PVD-02,ETCH-07
RL030W24,RL030,24,ETCH-02,FURN-02,ALD-02,EPI-01,ETCH-05,PVD-02,ETCH-07
RL030W25,RL030,25,ETCH-02,FURN-02,ALD-02,EPI-01,ETCH-05,PVD-02,ETCH-07
RL031W01,RL031,1,ETCH-03,FURN-02,ALD-01,EPI-01,ETCH-05,PVD-02,ETCH-07
RL031W02,RL031,2,ETCH-03,FURN-02,ALD-01,EPI-01,ETCH-05,PVD-02,ETCH-07
RL031W03,RL031,3,ETCH-03,FURN-02,ALD-01,EPI-01,ETCH-05,PVD-02,ETCH-07
RL031W04,RL031,4,ETCH-03,FURN-02,ALD-01,EPI-01,ETCH-05,PVD-02,ETCH-07
RL031W05,RL031,5,ETCH-03,FURN-02,ALD-01,EPI-01,ETCH-05,PVD-02,ETCH-07
RL031W06,RL031,6,ETCH-03,FURN-02,ALD-01,EPI-01,ETCH-05,PVD-02,ETCH-07
RL031W07,RL031,7,ETCH-03,FURN-02,ALD-01,EPI-01,ETCH-05,PVD-02,ETCH-07
RL031W08,RL031,8,ETCH-03,FURN-02,ALD-01,EPI-01,ETCH-05,PVD-02,ETCH-07
RL031W09,RL031,9,ETCH-03,FURN-02,ALD-01,EPI-01,ETCH-05,PVD-02,ETCH-07
RL031W10,RL031,10,ETCH-03,FURN-02,ALD-01,EPI-01,ETCH-05,PVD-02,ETCH-07
RL031W11,RL031,11,ETCH-03,FURN-02,ALD-01,EPI-01,ETCH-05,PVD-02,ETCH-07
RL031W12,RL031,12,ETCH-03,FURN-02,ALD-01,EPI-01,ETCH-05,PVD-02,ETCH-07
RL031W13,RL031,13,ETCH-03,FURN-02,ALD-01,EPI-01,ETCH-05,PVD-02,ETCH-07
RL031W14,RL031,14,ETCH-03,FURN-02,ALD-01,EPI-01,ETCH-05,PVD-02,ETCH-07
RL031W15,RL031,15,ETCH-03,FURN-02,ALD-01,EPI-01,ETCH-05,PVD-02,ETCH-07
RL031W16,RL031,16,ETCH-03,FURN-02,ALD-01,EPI-01,ETCH-05,PVD-02,ETCH-07
RL031W17,RL031,17,ETCH-03,FURN-02,ALD-01,EPI-01,ETCH-05,PVD-02,ETCH-07
RL031W18,RL031,18,ETCH-03,FURN-02,ALD-01,EPI-01,ETCH-05,PVD-02,ETCH-07
RL031W19,RL031,19,ETCH-03,FURN-02,ALD-01,EPI-01,ETCH-05,PVD-02,ETCH-07
RL031W20,RL031,20,ETCH-03,FURN-02,ALD-01,EPI-01,ETCH-05,PVD-02,ETCH-07
RL031W21,RL031,21,ETCH-03,FURN-02,ALD-01,EPI-01,ETCH-05,PVD-02,ETCH-07
RL031W22,RL031,22,ETCH-03,FURN-02,ALD-01,EPI-01,ETCH-05,PVD-02,ETCH-07
RL031W23,RL031,23,ETCH-03,FURN-02,ALD-01,EPI-01,ETCH-05,PVD-02,ETCH-07
RL031W24,RL031,24,ETCH-03,FURN-02,ALD-01,EPI-01,ETCH-05,PVD-02,ETCH-07
RL031W25,RL031,25,ETCH-03,FURN-02,ALD-01,EPI-01,ETCH-05,PVD-02,ETCH-07
RL032W01,RL032,1,ETCH-03,FURN-01,ALD-01,EPI-02,ETCH-04,PVD-01,ETCH-07
RL032W02,RL032,2,ETCH-03,FURN-01,ALD-01,EPI-02,ETCH-04,PVD-01,ETCH-07
RL032W03,RL032,3,ETCH-03,FURN-01,ALD-01,EPI-02,ETCH-04,PVD-01,ETCH-07
RL032W04,RL032,4,ETCH-03,FURN-01,ALD-01,EPI-02,ETCH-04,PVD-01,ETCH-07
RL032W05,RL032,5,ETCH-03,FURN-01,ALD-01,EPI-02,ETCH-04,PVD-01,ETCH-07
RL032W06,RL032,6,ETCH-03,FURN-01,ALD-01,EPI-02,ETCH-04,PVD-01,ETCH-07
RL032W07,RL032,7,ETCH-03,FURN-01,ALD-01,EPI-02,ETCH-04,PVD-01,ETCH-07
RL032W08,RL032,8,ETCH-03,FURN-01,ALD-01,EPI-02,ETCH-04,PVD-01,ETCH-07
RL032W09,RL032,9,ETCH-03,FURN-01,ALD-01,EPI-02,ETCH-04,PVD-01,ETCH-07
RL032W10,RL032,10,ETCH-03,FURN-01,ALD-01,EPI-02,ETCH-04,PVD-01,ETCH-07
RL032W11,RL032,11,ETCH-03,FURN-01,ALD-01,EPI-02,ETCH-04,PVD-01,ETCH-07
RL032W12,RL032,12,ETCH-03,FURN-01,ALD-01,EPI-02,ETCH-04,PVD-01,ETCH-07
RL032W13,RL032,13,ETCH-03,FURN-01,ALD-01,EPI-02,ETCH-04,PVD-01,ETCH-07
RL032W14,RL032,14,ETCH-03,FURN-01,ALD-01,EPI-02,ETCH-04,PVD-01,ETCH-07
RL032W15,RL032,15,ETCH-03,FURN-01,ALD-01,EPI-02,ETCH-04,PVD-01,ETCH-07
RL032W16,RL032,16,ETCH-03,FURN-01,ALD-01,EPI-02,ETCH-04,PVD-01,ETCH-07
RL032W17,RL032,17,ETCH-03,FURN-01,ALD-01,EPI-02,ETCH-04,PVD-01,ETCH-07
RL032W18,RL032,18,ETCH-03,FURN-01,ALD-01,EPI-02,ETCH-04,PVD-01,ETCH-07
RL032W19,RL032,19,ETCH-03,FURN-01,ALD-01,EPI-02,ETCH-04,PVD-01,ETCH-07
RL032W20,RL032,20,ETCH-03,FURN-01,ALD-01,EPI-02,ETCH-04,PVD-01,ETCH-07
RL032W21,RL032,21,ETCH-03,FURN-01,ALD-01,EPI-02,ETCH-04,PVD-01,ETCH-07
RL032W22,RL032,22,ETCH-03,FURN-01,ALD-01,EPI-02,ETCH-04,PVD-01,ETCH-07
RL032W23,RL032,23,ETCH-03,FURN-01,ALD-01,EPI-02,ETCH-04,PVD-01,ETCH-07
RL032W24,RL032,24,ETCH-03,FURN-01,ALD-01,EPI-02,ETCH-04,PVD-01,ETCH-07
RL032W25,RL032,25,ETCH-03,FURN-01,ALD-01,EPI-02,ETCH-04,PVD-01,ETCH-07
RL033W01,RL033,1,ETCH-02,FURN-02,ALD-01,EPI-01,ETCH-05,PVD-01,ETCH-06
RL033W02,RL033,2,ETCH-02,FURN-02,ALD-01,EPI-01,ETCH-05,PVD-01,ETCH-06
RL033W03,RL033,3,ETCH-02,FURN-02,ALD-01,EPI-01,ETCH-05,PVD-01,ETCH-06
RL033W04,RL033,4,ETCH-02,FURN-02,ALD-01,EPI-01,ETCH-05,PVD-01,ETCH-06
RL033W05,RL033,5,ETCH-02,FURN-02,ALD-01,EPI-01,ETCH-05,PVD-01,ETCH-06
RL033W06,RL033,6,ETCH-02,FURN-02,ALD-01,EPI-01,ETCH-05,PVD-01,ETCH-06
RL033W07,RL033,7,ETCH-02,FURN-02,ALD-01,EPI-01,ETCH-05,PVD-01,ETCH-06
RL033W08,RL033,8,ETCH-02,FURN-02,ALD-01,EPI-01,ETCH-05,PVD-01,ETCH-06
RL033W09,RL033,9,ETCH-02,FURN-02,ALD-01,EPI-01,ETCH-05,PVD-01,ETCH-06
RL033W10,RL033,10,ETCH-02,FURN-02,ALD-01,EPI-01,ETCH-05,PVD-01,ETCH-06
RL033W11,RL033,11,ETCH-02,FURN-02,ALD-01,EPI-01,ETCH-05,PVD-01,ETCH-06
RL033W12,RL033,12,ETCH-02,FURN-02,ALD-01,EPI-01,ETCH-05,PVD-01,ETCH-06
RL033W13,RL033,13,ETCH-02,FURN-02,ALD-01,EPI-01,ETCH-05,PVD-01,ETCH-06
RL033W14,RL033,14,ETCH-02,FURN-02,ALD-01,EPI-01,ETCH-05,PVD-01,ETCH-06
RL033W15,RL033,15,ETCH-02,FURN-02,ALD-01,EPI-01,ETCH-05,PVD-01,ETCH-06
RL033W16,RL033,16,ETCH-02,FURN-02,ALD-01,EPI-01,ETCH-05,PVD-01,ETCH-06
RL033W17,RL033,17,ETCH-02,FURN-02,ALD-01,EPI-01,ETCH-05,PVD-01,ETCH-06
RL033W18,RL033,18,ETCH-02,FURN-02,ALD-01,EPI-01,ETCH-05,PVD-01,ETCH-06
RL033W19,RL033,19,ETCH-02,FURN-02,ALD-01,EPI-01,ETCH-05,PVD-01,ETCH-06
RL033W20,RL033,20,ETCH-02,FURN-02,ALD-01,EPI-01,ETCH-05,PVD-01,ETCH-06
RL033W21,RL033,21,ETCH-02,FURN-02,ALD-01,EPI-01,ETCH-05,PVD-01,ETCH-06
RL033W22,RL033,22,ETCH-02,FURN-02,ALD-01,EPI-01,ETCH-05,PVD-01,ETCH-06
RL033W23,RL033,23,ETCH-02,FURN-02,ALD-01,EPI-01,ETCH-05,PVD-01,ETCH-06
RL033W24,RL033,24,ETCH-02,FURN-02,ALD-01,EPI-01,ETCH-05,PVD-01,ETCH-06
RL033W25,RL033,25,ETCH-02,FURN-02,ALD-01,EPI-01,ETCH-05,PVD-01,ETCH-06
RL034W01,RL034,1,ETCH-03,FURN-02,ALD-02,EPI-01,ETCH-05,PVD-02,ETCH-07
RL034W02,RL034,2,ETCH-03,FURN-02,ALD-02,EPI-01,ETCH-05,PVD-02,ETCH-07
RL034W03,RL034,3,ETCH-03,FURN-02,ALD-02,EPI-01,ETCH-05,PVD-02,ETCH-07
RL034W04,RL034,4,ETCH-03,FURN-02,ALD-02,EPI-01,ETCH-05,PVD-02,ETCH-07
RL034W05,RL034,5,ETCH-03,FURN-02,ALD-02,EPI-01,ETCH-05,PVD-02,ETCH-07
RL034W06,RL034,6,ETCH-03,FURN-02,ALD-02,EPI-01,ETCH-05,PVD-02,ETCH-07
RL034W07,RL034,7,ETCH-03,FURN-02,ALD-02,EPI-01,ETCH-05,PVD-02,ETCH-07
RL034W08,RL034,8,ETCH-03,FURN-02,ALD-02,EPI-01,ETCH-05,PVD-02,ETCH-07
RL034W09,RL034,9,ETCH-03,FURN-02,ALD-02,EPI-01,ETCH-05,PVD-02,ETCH-07
RL034W10,RL034,10,ETCH-03,FURN-02,ALD-02,EPI-01,ETCH-05,PVD-02,ETCH-07
RL034W11,RL034,11,ETCH-03,FURN-02,ALD-02,EPI-01,ETCH-05,PVD-02,ETCH-07
RL034W12,RL034,12,ETCH-03,FURN-02,ALD-02,EPI-01,ETCH-05,PVD-02,ETCH-07
RL034W13,RL034,13,ETCH-03,FURN-02,ALD-02,EPI-01,ETCH-05,PVD-02,ETCH-07
RL034W14,RL034,14,ETCH-03,FURN-02,ALD-02,EPI-01,ETCH-05,PVD-02,ETCH-07
RL034W15,RL034,15,ETCH-03,FURN-02,ALD-02,EPI-01,ETCH-05,PVD-02,ETCH-07
RL034W16,RL034,16,ETCH-03,FURN-02,ALD-02,EPI-01,ETCH-05,PVD-02,ETCH-07
RL034W17,RL034,17,ETCH-03,FURN-02,ALD-02,EPI-01,ETCH-05,PVD-02,ETCH-07
RL034W18,RL034,18,ETCH-03,FURN-02,ALD-02,EPI-01,ETCH-05,PVD-02,ETCH-07
RL034W19,RL034,19,ETCH-03,FURN-02,ALD-02,EPI-01,ETCH-05,PVD-02,ETCH-07
RL034W20,RL034,20,ETCH-03,FURN-02,ALD-02,EPI-01,ETCH-05,PVD-02,ETCH-07
RL034W21,RL034,21,ETCH-03,FURN-02,ALD-02,EPI-01,ETCH-05,PVD-02,ETCH-07
RL034W22,RL034,22,ETCH-03,FURN-02,ALD-02,EPI-01,ETCH-05,PVD-02,ETCH-07
RL034W23,RL034,23,ETCH-03,FURN-02,ALD-02,EPI-01,ETCH-05,PVD-02,ETCH-07
RL034W24,RL034,24,ETCH-03,FURN-02,ALD-02,EPI-01,ETCH-05,PVD-02,ETCH-07
RL034W25,RL034,25,ETCH-03,FURN-02,ALD-02,EPI-01,ETCH-05,PVD-02,ETCH-07
RL035W01,RL035,1,ETCH-01,FURN-01,ALD-02,EPI-01,ETCH-05,PVD-01,ETCH-07
RL035W02,RL035,2,ETCH-01,FURN-01,ALD-02,EPI-01,ETCH-05,PVD-01,ETCH-07
RL035W03,RL035,3,ETCH-01,FURN-01,ALD-02,EPI-01,ETCH-05,PVD-01,ETCH-07
RL035W04,RL035,4,ETCH-01,FURN-01,ALD-02,EPI-01,ETCH-05,PVD-01,ETCH-07
RL035W05,RL035,5,ETCH-01,FURN-01,ALD-02,EPI-01,ETCH-05,PVD-01,ETCH-07
RL035W06,RL035,6,ETCH-01,FURN-01,ALD-02,EPI-01,ETCH-05,PVD-01,ETCH-07
RL035W07,RL035,7,ETCH-01,FURN-01,ALD-02,EPI-01,ETCH-05,PVD-01,ETCH-07
RL035W08,RL035,8,ETCH-01,FURN-01,ALD-02,EPI-01,ETCH-05,PVD-01,ETCH-07
RL035W09,RL035,9,ETCH-01,FURN-01,ALD-02,EPI-01,ETCH-05,PVD-01,ETCH-07
RL035W10,RL035,10,ETCH-01,FURN-01,ALD-02,EPI-01,ETCH-05,PVD-01,ETCH-07
RL035W11,RL035,11,ETCH-01,FURN-01,ALD-02,EPI-01,ETCH-05,PVD-01,ETCH-07
RL035W12,RL035,12,ETCH-01,FURN-01,ALD-02,EPI-01,ETCH-05,PVD-01,ETCH-07
RL035W13,RL035,13,ETCH-01,FURN-01,ALD-02,EPI-01,ETCH-05,PVD-01,ETCH-07
RL035W14,RL035,14,ETCH-01,FURN-01,ALD-02,EPI-01,ETCH-05,PVD-01,ETCH-07
RL035W15,RL035,15,ETCH-01,FURN-01,ALD-02,EPI-01,ETCH-05,PVD-01,ETCH-07
RL035W16,RL035,16,ETCH-01,FURN-01,ALD-02,EPI-01,ETCH-05,PVD-01,ETCH-07
RL035W17,RL035,17,ETCH-01,FURN-01,ALD-02,EPI-01,ETCH-05,PVD-01,ETCH-07
RL035W18,RL035,18,ETCH-01,FURN-01,ALD-02,EPI-01,ETCH-05,PVD-01,ETCH-07
RL035W19,RL035,19,ETCH-01,FURN-01,ALD-02,EPI-01,ETCH-05,PVD-01,ETCH-07
RL035W20,RL035,20,ETCH-01,FURN-01,ALD-02,EPI-01,ETCH-05,PVD-01,ETCH-07
RL035W21,RL035,21,ETCH-01,FURN-01,ALD-02,EPI-01,ETCH-05,PVD-01,ETCH-07
RL035W22,RL035,22,ETCH-01,FURN-01,ALD-02,EPI-01,ETCH-05,PVD-01,ETCH-07
RL035W23,RL035,23,ETCH-01,FURN-01,ALD-02,EPI-01,ETCH-05,PVD-01,ETCH-07
RL035W24,RL035,24,ETCH-01,FURN-01,ALD-02,EPI-01,ETCH-05,PVD-01,ETCH-07
RL035W25,RL035,25,ETCH-01,FURN-01,ALD-02,EPI-01,ETCH-05,PVD-01,ETCH-07
RL036W01,RL036,1,ETCH-03,FURN-02,ALD-01,EPI-01,ETCH-05,PVD-02,ETCH-07
RL036W02,RL036,2,ETCH-03,FURN-02,ALD-01,EPI-01,ETCH-05,PVD-02,ETCH-07
RL036W03,RL036,3,ETCH-03,FURN-02,ALD-01,EPI-01,ETCH-05,PVD-02,ETCH-07
RL036W04,RL036,4,ETCH-03,FURN-02,ALD-01,EPI-01,ETCH-05,PVD-02,ETCH-07
RL036W05,RL036,5,ETCH-03,FURN-02,ALD-01,EPI-01,ETCH-05,PVD-02,ETCH-07
RL036W06,RL036,6,ETCH-03,FURN-02,ALD-01,EPI-01,ETCH-05,PVD-02,ETCH-07
RL036W07,RL036,7,ETCH-03,FURN-02,ALD-01,EPI-01,ETCH-05,PVD-02,ETCH-07
RL036W08,RL036,8,ETCH-03,FURN-02,ALD-01,EPI-01,ETCH-05,PVD-02,ETCH-07
RL036W09,RL036,9,ETCH-03,FURN-02,ALD-01,EPI-01,ETCH-05,PVD-02,ETCH-07
RL036W10,RL036,10,ETCH-03,FURN-02,ALD-01,EPI-01,ETCH-05,PVD-02,ETCH-07
RL036W11,RL036,11,ETCH-03,FURN-02,ALD-01,EPI-01,ETCH-05,PVD-02,ETCH-07
RL036W12,RL036,12,ETCH-03,FURN-02,ALD-01,EPI-01,ETCH-05,PVD-02,ETCH-07
RL036W13,RL036,13,ETCH-03,FURN-02,ALD-01,EPI-01,ETCH-05,PVD-02,ETCH-07
RL036W14,RL036,14,ETCH-03,FURN-02,ALD-01,EPI-01,ETCH-05,PVD-02,ETCH-07
RL036W15,RL036,15,ETCH-03,FURN-02,ALD-01,EPI-01,ETCH-05,PVD-02,ETCH-07
RL036W16,RL036,16,ETCH-03,FURN-02,ALD-01,EPI-01,ETCH-05,PVD-02,ETCH-07
RL036W17,RL036,17,ETCH-03,FURN-02,ALD-01,EPI-01,ETCH-05,PVD-02,ETCH-07
RL036W18,RL036,18,ETCH-03,FURN-02,ALD-01,EPI-01,ETCH-05,PVD-02,ETCH-07
RL036W19,RL036,19,ETCH-03,FURN-02,ALD-01,EPI-01,ETCH-05,PVD-02,ETCH-07
RL036W20,RL036,20,ETCH-03,FURN-02,ALD-01,EPI-01,ETCH-05,PVD-02,ETCH-07
RL036W21,RL036,21,ETCH-03,FURN-02,ALD-01,EPI-01,ETCH-05,PVD-02,ETCH-07
RL036W22,RL036,22,ETCH-03,FURN-02,ALD-01,EPI-01,ETCH-05,PVD-02,ETCH-07
RL036W23,RL036,23,ETCH-03,FURN-02,ALD-01,EPI-01,ETCH-05,PVD-02,ETCH-07
RL036W24,RL036,24,ETCH-03,FURN-02,ALD-01,EPI-01,ETCH-05,PVD-02,ETCH-07
RL036W25,RL036,25,ETCH-03,FURN-02,ALD-01,EPI-01,ETCH-05,PVD-02,ETCH-07
RL037W01,RL037,1,ETCH-01,FURN-02,ALD-01,EPI-02,ETCH-04,PVD-01,ETCH-06
RL037W02,RL037,2,ETCH-01,FURN-02,ALD-01,EPI-02,ETCH-04,PVD-01,ETCH-06
RL037W03,RL037,3,ETCH-01,FURN-02,ALD-01,EPI-02,ETCH-04,PVD-01,ETCH-06
RL037W04,RL037,4,ETCH-01,FURN-02,ALD-01,EPI-02,ETCH-04,PVD-01,ETCH-06
RL037W05,RL037,5,ETCH-01,FURN-02,ALD-01,EPI-02,ETCH-04,PVD-01,ETCH-06
RL037W06,RL037,6,ETCH-01,FURN-02,ALD-01,EPI-02,ETCH-04,PVD-01,ETCH-06
RL037W07,RL037,7,ETCH-01,FURN-02,ALD-01,EPI-02,ETCH-04,PVD-01,ETCH-06
RL037W08,RL037,8,ETCH-01,FURN-02,ALD-01,EPI-02,ETCH-04,PVD-01,ETCH-06
RL037W09,RL037,9,ETCH-01,FURN-02,ALD-01,EPI-02,ETCH-04,PVD-01,ETCH-06
RL037W10,RL037,10,ETCH-01,FURN-02,ALD-01,EPI-02,ETCH-04,PVD-01,ETCH-06
RL037W11,RL037,11,ETCH-01,FURN-02,ALD-01,EPI-02,ETCH-04,PVD-01,ETCH-06
RL037W12,RL037,12,ETCH-01,FURN-02,ALD-01,EPI-02,ETCH-04,PVD-01,ETCH-06
RL037W13,RL037,13,ETCH-01,FURN-02,ALD-01,EPI-02,ETCH-04,PVD-01,ETCH-06
RL037W14,RL037,14,ETCH-01,FURN-02,ALD-01,EPI-02,ETCH-04,PVD-01,ETCH-06
RL037W15,RL037,15,ETCH-01,FURN-02,ALD-01,EPI-02,ETCH-04,PVD-01,ETCH-06
RL037W16,RL037,16,ETCH-01,FURN-02,ALD-01,EPI-02,ETCH-04,PVD-01,ETCH-06
RL037W17,RL037,17,ETCH-01,FURN-02,ALD-01,EPI-02,ETCH-04,PVD-01,ETCH-06
RL037W18,RL037,18,ETCH-01,FURN-02,ALD-01,EPI-02,ETCH-04,PVD-01,ETCH-06
RL037W19,RL037,19,ETCH-01,FURN-02,ALD-01,EPI-02,ETCH-04,PVD-01,ETCH-06
RL037W20,RL037,20,ETCH-01,FURN-02,ALD-01,EPI-02,ETCH-04,PVD-01,ETCH-06
RL037W21,RL037,21,ETCH-01,FURN-02,ALD-01,EPI-02,ETCH-04,PVD-01,ETCH-06
RL037W22,RL037,22,ETCH-01,FURN-02,ALD-01,EPI-02,ETCH-04,PVD-01,ETCH-06
RL037W23,RL037,23,ETCH-01,FURN-02,ALD-01,EPI-02,ETCH-04,PVD-01,ETCH-06
RL037W24,RL037,24,ETCH-01,FURN-02,ALD-01,EPI-02,ETCH-04,PVD-01,ETCH-06
RL037W25,RL037,25,ETCH-01,FURN-02,ALD-01,EPI-02,ETCH-04,PVD-01,ETCH-06
RL038W01,RL038,1,ETCH-02,FURN-02,ALD-01,EPI-01,ETCH-04,PVD-01,ETCH-06
RL038W02,RL038,2,ETCH-02,FURN-02,ALD-01,EPI-01,ETCH-04,PVD-01,ETCH-06
RL038W03,RL038,3,ETCH-02,FURN-02,ALD-01,EPI-01,ETCH-04,PVD-01,ETCH-06
RL038W04,RL038,4,ETCH-02,FURN-02,ALD-01,EPI-01,ETCH-04,PVD-01,ETCH-06
RL038W05,RL038,5,ETCH-02,FURN-02,ALD-01,EPI-01,ETCH-04,PVD-01,ETCH-06
RL038W06,RL038,6,ETCH-02,FURN-02,ALD-01,EPI-01,ETCH-04,PVD-01,ETCH-06
RL038W07,RL038,7,ETCH-02,FURN-02,ALD-01,EPI-01,ETCH-04,PVD-01,ETCH-06
RL038W08,RL038,8,ETCH-02,FURN-02,ALD-01,EPI-01,ETCH-04,PVD-01,ETCH-06
RL038W09,RL038,9,ETCH-02,FURN-02,ALD-01,EPI-01,ETCH-04,PVD-01,ETCH-06
RL038W10,RL038,10,ETCH-02,FURN-02,ALD-01,EPI-01,ETCH-04,PVD-01,ETCH-06
RL038W11,RL038,11,ETCH-02,FURN-02,ALD-01,EPI-01,ETCH-04,PVD-01,ETCH-06
RL038W12,RL038,12,ETCH-02,FURN-02,ALD-01,EPI-01,ETCH-04,PVD-01,ETCH-06
RL038W13,RL038,13,ETCH-02,FURN-02,ALD-01,EPI-01,ETCH-04,PVD-01,ETCH-06
RL038W14,RL038,14,ETCH-02,FURN-02,ALD-01,EPI-01,ETCH-04,PVD-01,ETCH-06
RL038W15,RL038,15,ETCH-02,FURN-02,ALD-01,EPI-01,ETCH-04,PVD-01,ETCH-06
RL038W16,RL038,16,ETCH-02,FURN-02,ALD-01,EPI-01,ETCH-04,PVD-01,ETCH-06
RL038W17,RL038,17,ETCH-02,FURN-02,ALD-01,EPI-01,ETCH-04,PVD-01,ETCH-06
RL038W18,RL038,18,ETCH-02,FURN-02,ALD-01,EPI-01,ETCH-04,PVD-01,ETCH-06
RL038W19,RL038,19,ETCH-02,FURN-02,ALD-01,EPI-01,ETCH-04,PVD-01,ETCH-06
RL038W20,RL038,20,ETCH-02,FURN-02,ALD-01,EPI-01,ETCH-04,PVD-01,ETCH-06
RL038W21,RL038,21,ETCH-02,FURN-02,ALD-01,EPI-01,ETCH-04,PVD-01,ETCH-06
RL038W22,RL038,22,ETCH-02,FURN-02,ALD-01,EPI-01,ETCH-04,PVD-01,ETCH-06
RL038W23,RL038,23,ETCH-02,FURN-02,ALD-01,EPI-01,ETCH-04,PVD-01,ETCH-06
RL038W24,RL038,24,ETCH-02,FURN-02,ALD-01,EPI-01,ETCH-04,PVD-01,ETCH-06
RL038W25,RL038,25,ETCH-02,FURN-02,ALD-01,EPI-01,ETCH-04,PVD-01,ETCH-06
RL039W01,RL039,1,ETCH-01,FURN-01,ALD-01,EPI-01,ETCH-05,PVD-02,ETCH-06
RL039W02,RL039,2,ETCH-01,FURN-01,ALD-01,EPI-01,ETCH-05,PVD-02,ETCH-06
RL039W03,RL039,3,ETCH-01,FURN-01,ALD-01,EPI-01,ETCH-05,PVD-02,ETCH-06
RL039W04,RL039,4,ETCH-01,FURN-01,ALD-01,EPI-01,ETCH-05,PVD-02,ETCH-06
RL039W05,RL039,5,ETCH-01,FURN-01,ALD-01,EPI-01,ETCH-05,PVD-02,ETCH-06
RL039W06,RL039,6,ETCH-01,FURN-01,ALD-01,EPI-01,ETCH-05,PVD-02,ETCH-06
RL039W07,RL039,7,ETCH-01,FURN-01,ALD-01,EPI-01,ETCH-05,PVD-02,ETCH-06
RL039W08,RL039,8,ETCH-01,FURN-01,ALD-01,EPI-01,ETCH-05,PVD-02,ETCH-06
RL039W09,RL039,9,ETCH-01,FURN-01,ALD-01,EPI-01,ETCH-05,PVD-02,ETCH-06
RL039W10,RL039,10,ETCH-01,FURN-01,ALD-01,EPI-01,ETCH-05,PVD-02,ETCH-06
RL039W11,RL039,11,ETCH-01,FURN-01,ALD-01,EPI-01,ETCH-05,PVD-02,ETCH-06
RL039W12,RL039,12,ETCH-01,FURN-01,ALD-01,EPI-01,ETCH-05,PVD-02,ETCH-06
RL039W13,RL039,13,ETCH-01,FURN-01,ALD-01,EPI-01,ETCH-05,PVD-02,ETCH-06
RL039W14,RL039,14,ETCH-01,FURN-01,ALD-01,EPI-01,ETCH-05,PVD-02,ETCH-06
RL039W15,RL039,15,ETCH-01,FURN-01,ALD-01,EPI-01,ETCH-05,PVD-02,ETCH-06
RL039W16,RL039,16,ETCH-01,FURN-01,ALD-01,EPI-01,ETCH-05,PVD-02,ETCH-06
RL039W17,RL039,17,ETCH-01,FURN-01,ALD-01,EPI-01,ETCH-05,PVD-02,ETCH-06
RL039W18,RL039,18,ETCH-01,FURN-01,ALD-01,EPI-01,ETCH-05,PVD-02,ETCH-06
RL039W19,RL039,19,ETCH-01,FURN-01,ALD-01,EPI-01,ETCH-05,PVD-02,ETCH-06
RL039W20,RL039,20,ETCH-01,FURN-01,ALD-01,EPI-01,ETCH-05,PVD-02,ETCH-06
RL039W21,RL039,21,ETCH-01,FURN-01,ALD-01,EPI-01,ETCH-05,PVD-02,ETCH-06
RL039W22,RL039,22,ETCH-01,FURN-01,ALD-01,EPI-01,ETCH-05,PVD-02,ETCH-06
RL039W23,RL039,23,ETCH-01,FURN-01,ALD-01,EPI-01,ETCH-05,PVD-02,ETCH-06
RL039W24,RL039,24,ETCH-01,FURN-01,ALD-01,EPI-01,ETCH-05,PVD-02,ETCH-06
RL039W25,RL039,25,ETCH-01,FURN-01,ALD-01,EPI-01,ETCH-05,PVD-02,ETCH-06
RL040W01,RL040,1,ETCH-03,FURN-02,ALD-02,EPI-02,ETCH-05,PVD-02,ETCH-06
RL040W02,RL040,2,ETCH-03,FURN-02,ALD-02,EPI-02,ETCH-05,PVD-02,ETCH-06
RL040W03,RL040,3,ETCH-03,FURN-02,ALD-02,EPI-02,ETCH-05,PVD-02,ETCH-06
RL040W04,RL040,4,ETCH-03,FURN-02,ALD-02,EPI-02,ETCH-05,PVD-02,ETCH-06
RL040W05,RL040,5,ETCH-03,FURN-02,ALD-02,EPI-02,ETCH-05,PVD-02,ETCH-06
RL040W06,RL040,6,ETCH-03,FURN-02,ALD-02,EPI-02,ETCH-05,PVD-02,ETCH-06
RL040W07,RL040,7,ETCH-03,FURN-02,ALD-02,EPI-02,ETCH-05,PVD-02,ETCH-06
RL040W08,RL040,8,ETCH-03,FURN-02,ALD-02,EPI-02,ETCH-05,PVD-02,ETCH-06
RL040W09,RL040,9,ETCH-03,FURN-02,ALD-02,EPI-02,ETCH-05,PVD-02,ETCH-06
RL040W10,RL040,10,ETCH-03,FURN-02,ALD-02,EPI-02,ETCH-05,PVD-02,ETCH-06
RL040W11,RL040,11,ETCH-03,FURN-02,ALD-02,EPI-02,ETCH-05,PVD-02,ETCH-06
RL040W12,RL040,12,ETCH-03,FURN-02,ALD-02,EPI-02,ETCH-05,PVD-02,ETCH-06
RL040W13,RL040,13,ETCH-03,FURN-02,ALD-02,EPI-02,ETCH-05,PVD-02,ETCH-06
RL040W14,RL040,14,ETCH-03,FURN-02,ALD-02,EPI-02,ETCH-05,PVD-02,ETCH-06
RL040W15,RL040,15,ETCH-03,FURN-02,ALD-02,EPI-02,ETCH-05,PVD-02,ETCH-06
RL040W16,RL040,16,ETCH-03,FURN-02,ALD-02,EPI-02,ETCH-05,PVD-02,ETCH-06
RL040W17,RL040,17,ETCH-03,FURN-02,ALD-02,EPI-02,ETCH-05,PVD-02,ETCH-06
RL040W18,RL040,18,ETCH-03,FURN-02,ALD-02,EPI-02,ETCH-05,PVD-02,ETCH-06
RL040W19,RL040,19,ETCH-03,FURN-02,ALD-02,EPI-02,ETCH-05,PVD-02,ETCH-06
RL040W20,RL040,20,ETCH-03,FURN-02,ALD-02,EPI-02,ETCH-05,PVD-02,ETCH-06
RL040W21,RL040,21,ETCH-03,FURN-02,ALD-02,EPI-02,ETCH-05,PVD-02,ETCH-06
RL040W22,RL040,22,ETCH-03,FURN-02,ALD-02,EPI-02,ETCH-05,PVD-02,ETCH-06
RL040W23,RL040,23,ETCH-03,FURN-02,ALD-02,EPI-02,ETCH-05,PVD-02,ETCH-06
RL040W24,RL040,24,ETCH-03,FURN-02,ALD-02,EPI-02,ETCH-05,PVD-02,ETCH-06
RL040W25,RL040,25,ETCH-03,FURN-02,ALD-02,EPI-02,ETCH-05,PVD-02,ETCH-06
RL041W01,RL041,1,ETCH-03,FURN-01,ALD-01,EPI-02,ETCH-04,PVD-01,ETCH-06
RL041W02,RL041,2,ETCH-03,FURN-01,ALD-01,EPI-02,ETCH-04,PVD-01,ETCH-06
RL041W03,RL041,3,ETCH-03,FURN-01,ALD-01,EPI-02,ETCH-04,PVD-01,ETCH-06
RL041W04,RL041,4,ETCH-03,FURN-01,ALD-01,EPI-02,ETCH-04,PVD-01,ETCH-06
RL041W05,RL041,5,ETCH-03,FURN-01,ALD-01,EPI-02,ETCH-04,PVD-01,ETCH-06
RL041W06,RL041,6,ETCH-03,FURN-01,ALD-01,EPI-02,ETCH-04,PVD-01,ETCH-06
RL041W07,RL041,7,ETCH-03,FURN-01,ALD-01,EPI-02,ETCH-04,PVD-01,ETCH-06
RL041W08,RL041,8,ETCH-03,FURN-01,ALD-01,EPI-02,ETCH-04,PVD-01,ETCH-06
RL041W09,RL041,9,ETCH-03,FURN-01,ALD-01,EPI-02,ETCH-04,PVD-01,ETCH-06
RL041W10,RL041,10,ETCH-03,FURN-01,ALD-01,EPI-02,ETCH-04,PVD-01,ETCH-06
RL041W11,RL041,11,ETCH-03,FURN-01,ALD-01,EPI-02,ETCH-04,PVD-01,ETCH-06
RL041W12,RL041,12,ETCH-03,FURN-01,ALD-01,EPI-02,ETCH-04,PVD-01,ETCH-06
RL041W13,RL041,13,ETCH-03,FURN-01,ALD-01,EPI-02,ETCH-04,PVD-01,ETCH-06
RL041W14,RL041,14,ETCH-03,FURN-01,ALD-01,EPI-02,ETCH-04,PVD-01,ETCH-06
RL041W15,RL041,15,ETCH-03,FURN-01,ALD-01,EPI-02,ETCH-04,PVD-01,ETCH-06
RL041W16,RL041,16,ETCH-03,FURN-01,ALD-01,EPI-02,ETCH-04,PVD-01,ETCH-06
RL041W17,RL041,17,ETCH-03,FURN-01,ALD-01,EPI-02,ETCH-04,PVD-01,ETCH-06
RL041W18,RL041,18,ETCH-03,FURN-01,ALD-01,EPI-02,ETCH-04,PVD-01,ETCH-06
RL041W19,RL041,19,ETCH-03,FURN-01,ALD-01,EPI-02,ETCH-04,PVD-01,ETCH-06
RL041W20,RL041,20,ETCH-03,FURN-01,ALD-01,EPI-02,ETCH-04,PVD-01,ETCH-06
RL041W21,RL041,21,ETCH-03,FURN-01,ALD-01,EPI-02,ETCH-04,PVD-01,ETCH-06
RL041W22,RL041,22,ETCH-03,FURN-01,ALD-01,EPI-02,ETCH-04,PVD-01,ETCH-06
RL041W23,RL041,23,ETCH-03,FURN-01,ALD-01,EPI-02,ETCH-04,PVD-01,ETCH-06
RL041W24,RL041,24,ETCH-03,FURN-01,ALD-01,EPI-02,ETCH-04,PVD-01,ETCH-06
RL041W25,RL041,25,ETCH-03,FURN-01,ALD-01,EPI-02,ETCH-04,PVD-01,ETCH-06
RL042W01,RL042,1,ETCH-02,FURN-01,ALD-01,EPI-02,ETCH-05,PVD-01,ETCH-07
RL042W02,RL042,2,ETCH-02,FURN-01,ALD-01,EPI-02,ETCH-05,PVD-01,ETCH-07
RL042W03,RL042,3,ETCH-02,FURN-01,ALD-01,EPI-02,ETCH-05,PVD-01,ETCH-07
RL042W04,RL042,4,ETCH-02,FURN-01,ALD-01,EPI-02,ETCH-05,PVD-01,ETCH-07
RL042W05,RL042,5,ETCH-02,FURN-01,ALD-01,EPI-02,ETCH-05,PVD-01,ETCH-07
RL042W06,RL042,6,ETCH-02,FURN-01,ALD-01,EPI-02,ETCH-05,PVD-01,ETCH-07
RL042W07,RL042,7,ETCH-02,FURN-01,ALD-01,EPI-02,ETCH-05,PVD-01,ETCH-07
RL042W08,RL042,8,ETCH-02,FURN-01,ALD-01,EPI-02,ETCH-05,PVD-01,ETCH-07
RL042W09,RL042,9,ETCH-02,FURN-01,ALD-01,EPI-02,ETCH-05,PVD-01,ETCH-07
RL042W10,RL042,10,ETCH-02,FURN-01,ALD-01,EPI-02,ETCH-05,PVD-01,ETCH-07
RL042W11,RL042,11,ETCH-02,FURN-01,ALD-01,EPI-02,ETCH-05,PVD-01,ETCH-07
RL042W12,RL042,12,ETCH-02,FURN-01,ALD-01,EPI-02,ETCH-05,PVD-01,ETCH-07
RL042W13,RL042,13,ETCH-02,FURN-01,ALD-01,EPI-02,ETCH-05,PVD-01,ETCH-07
RL042W14,RL042,14,ETCH-02,FURN-01,ALD-01,EPI-02,ETCH-05,PVD-01,ETCH-07
RL042W15,RL042,15,ETCH-02,FURN-01,ALD-01,EPI-02,ETCH-05,PVD-01,ETCH-07
RL042W16,RL042,16,ETCH-02,FURN-01,ALD-01,EPI-02,ETCH-05,PVD-01,ETCH-07
RL042W17,RL042,17,ETCH-02,FURN-01,ALD-01,EPI-02,ETCH-05,PVD-01,ETCH-07
RL042W18,RL042,18,ETCH-02,FURN-01,ALD-01,EPI-02,ETCH-05,PVD-01,ETCH-07
RL042W19,RL042,19,ETCH-02,FURN-01,ALD-01,EPI-02,ETCH-05,PVD-01,ETCH-07
RL042W20,RL042,20,ETCH-02,FURN-01,ALD-01,EPI-02,ETCH-05,PVD-01,ETCH-07
RL042W21,RL042,21,ETCH-02,FURN-01,ALD-01,EPI-02,ETCH-05,PVD-01,ETCH-07
RL042W22,RL042,22,ETCH-02,FURN-01,ALD-01,EPI-02,ETCH-05,PVD-01,ETCH-07
RL042W23,RL042,23,ETCH-02,FURN-01,ALD-01,EPI-02,ETCH-05,PVD-01,ETCH-07
RL042W24,RL042,24,ETCH-02,FURN-01,ALD-01,EPI-02,ETCH-05,PVD-01,ETCH-07
RL042W25,RL042,25,ETCH-02,FURN-01,ALD-01,EPI-02,ETCH-05,PVD-01,ETCH-07
RL043W01,RL043,1,ETCH-02,FURN-01,ALD-01,EPI-01,ETCH-04,PVD-01,ETCH-06
RL043W02,RL043,2,ETCH-02,FURN-01,ALD-01,EPI-01,ETCH-04,PVD-01,ETCH-06
RL043W03,RL043,3,ETCH-02,FURN-01,ALD-01,EPI-01,ETCH-04,PVD-01,ETCH-06
RL043W04,RL043,4,ETCH-02,FURN-01,ALD-01,EPI-01,ETCH-04,PVD-01,ETCH-06
RL043W05,RL043,5,ETCH-02,FURN-01,ALD-01,EPI-01,ETCH-04,PVD-01,ETCH-06
RL043W06,RL043,6,ETCH-02,FURN-01,ALD-01,EPI-01,ETCH-04,PVD-01,ETCH-06
RL043W07,RL043,7,ETCH-02,FURN-01,ALD-01,EPI-01,ETCH-04,PVD-01,ETCH-06
RL043W08,RL043,8,ETCH-02,FURN-01,ALD-01,EPI-01,ETCH-04,PVD-01,ETCH-06
RL043W09,RL043,9,ETCH-02,FURN-01,ALD-01,EPI-01,ETCH-04,PVD-01,ETCH-06
RL043W10,RL043,10,ETCH-02,FURN-01,ALD-01,EPI-01,ETCH-04,PVD-01,ETCH-06
RL043W11,RL043,11,ETCH-02,FURN-01,ALD-01,EPI-01,ETCH-04,PVD-01,ETCH-06
RL043W12,RL043,12,ETCH-02,FURN-01,ALD-01,EPI-01,ETCH-04,PVD-01,ETCH-06
RL043W13,RL043,13,ETCH-02,FURN-01,ALD-01,EPI-01,ETCH-04,PVD-01,ETCH-06
RL043W14,RL043,14,ETCH-02,FURN-01,ALD-01,EPI-01,ETCH-04,PVD-01,ETCH-06
RL043W15,RL043,15,ETCH-02,FURN-01,ALD-01,EPI-01,ETCH-04,PVD-01,ETCH-06
RL043W16,RL043,16,ETCH-02,FURN-01,ALD-01,EPI-01,ETCH-04,PVD-01,ETCH-06
RL043W17,RL043,17,ETCH-02,FURN-01,ALD-01,EPI-01,ETCH-04,PVD-01,ETCH-06
RL043W18,RL043,18,ETCH-02,FURN-01,ALD-01,EPI-01,ETCH-04,PVD-01,ETCH-06
RL043W19,RL043,19,ETCH-02,FURN-01,ALD-01,EPI-01,ETCH-04,PVD-01,ETCH-06
RL043W20,RL043,20,ETCH-02,FURN-01,ALD-01,EPI-01,ETCH-04,PVD-01,ETCH-06
RL043W21,RL043,21,ETCH-02,FURN-01,ALD-01,EPI-01,ETCH-04,PVD-01,ETCH-06
RL043W22,RL043,22,ETCH-02,FURN-01,ALD-01,EPI-01,ETCH-04,PVD-01,ETCH-06
RL043W23,RL043,23,ETCH-02,FURN-01,ALD-01,EPI-01,ETCH-04,PVD-01,ETCH-06
RL043W24,RL043,24,ETCH-02,FURN-01,ALD-01,EPI-01,ETCH-04,PVD-01,ETCH-06
RL043W25,RL043,25,ETCH-02,FURN-01,ALD-01,EPI-01,ETCH-04,PVD-01,ETCH-06
RL044W01,RL044,1,ETCH-01,FURN-01,ALD-01,EPI-01,ETCH-04,PVD-01,ETCH-06
RL044W02,RL044,2,ETCH-01,FURN-01,ALD-01,EPI-01,ETCH-04,PVD-01,ETCH-06
RL044W03,RL044,3,ETCH-01,FURN-01,ALD-01,EPI-01,ETCH-04,PVD-01,ETCH-06
RL044W04,RL044,4,ETCH-01,FURN-01,ALD-01,EPI-01,ETCH-04,PVD-01,ETCH-06
RL044W05,RL044,5,ETCH-01,FURN-01,ALD-01,EPI-01,ETCH-04,PVD-01,ETCH-06
RL044W06,RL044,6,ETCH-01,FURN-01,ALD-01,EPI-01,ETCH-04,PVD-01,ETCH-06
RL044W07,RL044,7,ETCH-01,FURN-01,ALD-01,EPI-01,ETCH-04,PVD-01,ETCH-06
RL044W08,RL044,8,ETCH-01,FURN-01,ALD-01,EPI-01,ETCH-04,PVD-01,ETCH-06
RL044W09,RL044,9,ETCH-01,FURN-01,ALD-01,EPI-01,ETCH-04,PVD-01,ETCH-06
RL044W10,RL044,10,ETCH-01,FURN-01,ALD-01,EPI-01,ETCH-04,PVD-01,ETCH-06
RL044W11,RL044,11,ETCH-01,FURN-01,ALD-01,EPI-01,ETCH-04,PVD-01,ETCH-06
RL044W12,RL044,12,ETCH-01,FURN-01,ALD-01,EPI-01,ETCH-04,PVD-01,ETCH-06
RL044W13,RL044,13,ETCH-01,FURN-01,ALD-01,EPI-01,ETCH-04,PVD-01,ETCH-06
RL044W14,RL044,14,ETCH-01,FURN-01,ALD-01,EPI-01,ETCH-04,PVD-01,ETCH-06
RL044W15,RL044,15,ETCH-01,FURN-01,ALD-01,EPI-01,ETCH-04,PVD-01,ETCH-06
RL044W16,RL044,16,ETCH-01,FURN-01,ALD-01,EPI-01,ETCH-04,PVD-01,ETCH-06
RL044W17,RL044,17,ETCH-01,FURN-01,ALD-01,EPI-01,ETCH-04,PVD-01,ETCH-06
RL044W18,RL044,18,ETCH-01,FURN-01,ALD-01,EPI-01,ETCH-04,PVD-01,ETCH-06
RL044W19,RL044,19,ETCH-01,FURN-01,ALD-01,EPI-01,ETCH-04,PVD-01,ETCH-06
RL044W20,RL044,20,ETCH-01,FURN-01,ALD-01,EPI-01,ETCH-04,PVD-01,ETCH-06
RL044W21,RL044,21,ETCH-01,FURN-01,ALD-01,EPI-01,ETCH-04,PVD-01,ETCH-06
RL044W22,RL044,22,ETCH-01,FURN-01,ALD-01,EPI-01,ETCH-04,PVD-01,ETCH-06
RL044W23,RL044,23,ETCH-01,FURN-01,ALD-01,EPI-01,ETCH-04,PVD-01,ETCH-06
RL044W24,RL044,24,ETCH-01,FURN-01,ALD-01,EPI-01,ETCH-04,PVD-01,ETCH-06
RL044W25,RL044,25,ETCH-01,FURN-01,ALD-01,EPI-01,ETCH-04,PVD-01,ETCH-06
RL045W01,RL045,1,ETCH-01,FURN-02,ALD-02,EPI-01,ETCH-05,PVD-02,ETCH-06
RL045W02,RL045,2,ETCH-01,FURN-02,ALD-02,EPI-01,ETCH-05,PVD-02,ETCH-06
RL045W03,RL045,3,ETCH-01,FURN-02,ALD-02,EPI-01,ETCH-05,PVD-02,ETCH-06
RL045W04,RL045,4,ETCH-01,FURN-02,ALD-02,EPI-01,ETCH-05,PVD-02,ETCH-06
RL045W05,RL045,5,ETCH-01,FURN-02,ALD-02,EPI-01,ETCH-05,PVD-02,ETCH-06
RL045W06,RL045,6,ETCH-01,FURN-02,ALD-02,EPI-01,ETCH-05,PVD-02,ETCH-06
RL045W07,RL045,7,ETCH-01,FURN-02,ALD-02,EPI-01,ETCH-05,PVD-02,ETCH-06
RL045W08,RL045,8,ETCH-01,FURN-02,ALD-02,EPI-01,ETCH-05,PVD-02,ETCH-06
RL045W09,RL045,9,ETCH-01,FURN-02,ALD-02,EPI-01,ETCH-05,PVD-02,ETCH-06
RL045W10,RL045,10,ETCH-01,FURN-02,ALD-02,EPI-01,ETCH-05,PVD-02,ETCH-06
RL045W11,RL045,11,ETCH-01,FURN-02,ALD-02,EPI-01,ETCH-05,PVD-02,ETCH-06
RL045W12,RL045,12,ETCH-01,FURN-02,ALD-02,EPI-01,ETCH-05,PVD-02,ETCH-06
RL045W13,RL045,13,ETCH-01,FURN-02,ALD-02,EPI-01,ETCH-05,PVD-02,ETCH-06
RL045W14,RL045,14,ETCH-01,FURN-02,ALD-02,EPI-01,ETCH-05,PVD-02,ETCH-06
RL045W15,RL045,15,ETCH-01,FURN-02,ALD-02,EPI-01,ETCH-05,PVD-02,ETCH-06
RL045W16,RL045,16,ETCH-01,FURN-02,ALD-02,EPI-01,ETCH-05,PVD-02,ETCH-06
RL045W17,RL045,17,ETCH-01,FURN-02,ALD-02,EPI-01,ETCH-05,PVD-02,ETCH-06
RL045W18,RL045,18,ETCH-01,FURN-02,ALD-02,EPI-01,ETCH-05,PVD-02,ETCH-06
RL045W19,RL045,19,ETCH-01,FURN-02,ALD-02,EPI-01,ETCH-05,PVD-02,ETCH-06
RL045W20,RL045,20,ETCH-01,FURN-02,ALD-02,EPI-01,ETCH-05,PVD-02,ETCH-06
RL045W21,RL045,21,ETCH-01,FURN-02,ALD-02,EPI-01,ETCH-05,PVD-02,ETCH-06
RL045W22,RL045,22,ETCH-01,FURN-02,ALD-02,EPI-01,ETCH-05,PVD-02,ETCH-06
RL045W23,RL045,23,ETCH-01,FURN-02,ALD-02,EPI-01,ETCH-05,PVD-02,ETCH-06
RL045W24,RL045,24,ETCH-01,FURN-02,ALD-02,EPI-01,ETCH-05,PVD-02,ETCH-06
RL045W25,RL045,25,ETCH-01,FURN-02,ALD-02,EPI-01,ETCH-05,PVD-02,ETCH-06
RL046W01,RL046,1,ETCH-02,FURN-01,ALD-02,EPI-02,ETCH-04,PVD-01,ETCH-06
RL046W02,RL046,2,ETCH-02,FURN-01,ALD-02,EPI-02,ETCH-04,PVD-01,ETCH-06
RL046W03,RL046,3,ETCH-02,FURN-01,ALD-02,EPI-02,ETCH-04,PVD-01,ETCH-06
RL046W04,RL046,4,ETCH-02,FURN-01,ALD-02,EPI-02,ETCH-04,PVD-01,ETCH-06
RL046W05,RL046,5,ETCH-02,FURN-01,ALD-02,EPI-02,ETCH-04,PVD-01,ETCH-06
RL046W06,RL046,6,ETCH-02,FURN-01,ALD-02,EPI-02,ETCH-04,PVD-01,ETCH-06
RL046W07,RL046,7,ETCH-02,FURN-01,ALD-02,EPI-02,ETCH-04,PVD-01,ETCH-06
RL046W08,RL046,8,ETCH-02,FURN-01,ALD-02,EPI-02,ETCH-04,PVD-01,ETCH-06
RL046W09,RL046,9,ETCH-02,FURN-01,ALD-02,EPI-02,ETCH-04,PVD-01,ETCH-06
RL046W10,RL046,10,ETCH-02,FURN-01,ALD-02,EPI-02,ETCH-04,PVD-01,ETCH-06
RL046W11,RL046,11,ETCH-02,FURN-01,ALD-02,EPI-02,ETCH-04,PVD-01,ETCH-06
RL046W12,RL046,12,ETCH-02,FURN-01,ALD-02,EPI-02,ETCH-04,PVD-01,ETCH-06
RL046W13,RL046,13,ETCH-02,FURN-01,ALD-02,EPI-02,ETCH-04,PVD-01,ETCH-06
RL046W14,RL046,14,ETCH-02,FURN-01,ALD-02,EPI-02,ETCH-04,PVD-01,ETCH-06
RL046W15,RL046,15,ETCH-02,FURN-01,ALD-02,EPI-02,ETCH-04,PVD-01,ETCH-06
RL046W16,RL046,16,ETCH-02,FURN-01,ALD-02,EPI-02,ETCH-04,PVD-01,ETCH-06
RL046W17,RL046,17,ETCH-02,FURN-01,ALD-02,EPI-02,ETCH-04,PVD-01,ETCH-06
RL046W18,RL046,18,ETCH-02,FURN-01,ALD-02,EPI-02,ETCH-04,PVD-01,ETCH-06
RL046W19,RL046,19,ETCH-02,FURN-01,ALD-02,EPI-02,ETCH-04,PVD-01,ETCH-06
RL046W20,RL046,20,ETCH-02,FURN-01,ALD-02,EPI-02,ETCH-04,PVD-01,ETCH-06
RL046W21,RL046,21,ETCH-02,FURN-01,ALD-02,EPI-02,ETCH-04,PVD-01,ETCH-06
RL046W22,RL046,22,ETCH-02,FURN-01,ALD-02,EPI-02,ETCH-04,PVD-01,ETCH-06
RL046W23,RL046,23,ETCH-02,FURN-01,ALD-02,EPI-02,ETCH-04,PVD-01,ETCH-06
RL046W24,RL046,24,ETCH-02,FURN-01,ALD-02,EPI-02,ETCH-04,PVD-01,ETCH-06
RL046W25,RL046,25,ETCH-02,FURN-01,ALD-02,EPI-02,ETCH-04,PVD-01,ETCH-06
RL047W01,RL047,1,ETCH-01,FURN-02,ALD-02,EPI-01,ETCH-04,PVD-02,ETCH-06
RL047W02,RL047,2,ETCH-01,FURN-02,ALD-02,EPI-01,ETCH-04,PVD-02,ETCH-06
RL047W03,RL047,3,ETCH-01,FURN-02,ALD-02,EPI-01,ETCH-04,PVD-02,ETCH-06
RL047W04,RL047,4,ETCH-01,FURN-02,ALD-02,EPI-01,ETCH-04,PVD-02,ETCH-06
RL047W05,RL047,5,ETCH-01,FURN-02,ALD-02,EPI-01,ETCH-04,PVD-02,ETCH-06
RL047W06,RL047,6,ETCH-01,FURN-02,ALD-02,EPI-01,ETCH-04,PVD-02,ETCH-06
RL047W07,RL047,7,ETCH-01,FURN-02,ALD-02,EPI-01,ETCH-04,PVD-02,ETCH-06
RL047W08,RL047,8,ETCH-01,FURN-02,ALD-02,EPI-01,ETCH-04,PVD-02,ETCH-06
RL047W09,RL047,9,ETCH-01,FURN-02,ALD-02,EPI-01,ETCH-04,PVD-02,ETCH-06
RL047W10,RL047,10,ETCH-01,FURN-02,ALD-02,EPI-01,ETCH-04,PVD-02,ETCH-06
RL047W11,RL047,11,ETCH-01,FURN-02,ALD-02,EPI-01,ETCH-04,PVD-02,ETCH-06
RL047W12,RL047,12,ETCH-01,FURN-02,ALD-02,EPI-01,ETCH-04,PVD-02,ETCH-06
RL047W13,RL047,13,ETCH-01,FURN-02,ALD-02,EPI-01,ETCH-04,PVD-02,ETCH-06
RL047W14,RL047,14,ETCH-01,FURN-02,ALD-02,EPI-01,ETCH-04,PVD-02,ETCH-06
RL047W15,RL047,15,ETCH-01,FURN-02,ALD-02,EPI-01,ETCH-04,PVD-02,ETCH-06
RL047W16,RL047,16,ETCH-01,FURN-02,ALD-02,EPI-01,ETCH-04,PVD-02,ETCH-06
RL047W17,RL047,17,ETCH-01,FURN-02,ALD-02,EPI-01,ETCH-04,PVD-02,ETCH-06
RL047W18,RL047,18,ETCH-01,FURN-02,ALD-02,EPI-01,ETCH-04,PVD-02,ETCH-06
RL047W19,RL047,19,ETCH-01,FURN-02,ALD-02,EPI-01,ETCH-04,PVD-02,ETCH-06
RL047W20,RL047,20,ETCH-01,FURN-02,ALD-02,EPI-01,ETCH-04,PVD-02,ETCH-06
RL047W21,RL047,21,ETCH-01,FURN-02,ALD-02,EPI-01,ETCH-04,PVD-02,ETCH-06
RL047W22,RL047,22,ETCH-01,FURN-02,ALD-02,EPI-01,ETCH-04,PVD-02,ETCH-06
RL047W23,RL047,23,ETCH-01,FURN-02,ALD-02,EPI-01,ETCH-04,PVD-02,ETCH-06
RL047W24,RL047,24,ETCH-01,FURN-02,ALD-02,EPI-01,ETCH-04,PVD-02,ETCH-06
RL047W25,RL047,25,ETCH-01,FURN-02,ALD-02,EPI-01,ETCH-04,PVD-02,ETCH-06
RL048W01,RL048,1,ETCH-03,FURN-02,ALD-02,EPI-01,ETCH-05,PVD-01,ETCH-07
RL048W02,RL048,2,ETCH-03,FURN-02,ALD-02,EPI-01,ETCH-05,PVD-01,ETCH-07
RL048W03,RL048,3,ETCH-03,FURN-02,ALD-02,EPI-01,ETCH-05,PVD-01,ETCH-07
RL048W04,RL048,4,ETCH-03,FURN-02,ALD-02,EPI-01,ETCH-05,PVD-01,ETCH-07
RL048W05,RL048,5,ETCH-03,FURN-02,ALD-02,EPI-01,ETCH-05,PVD-01,ETCH-07
RL048W06,RL048,6,ETCH-03,FURN-02,ALD-02,EPI-01,ETCH-05,PVD-01,ETCH-07
RL048W07,RL048,7,ETCH-03,FURN-02,ALD-02,EPI-01,ETCH-05,PVD-01,ETCH-07
RL048W08,RL048,8,ETCH-03,FURN-02,ALD-02,EPI-01,ETCH-05,PVD-01,ETCH-07
RL048W09,RL048,9,ETCH-03,FURN-02,ALD-02,EPI-01,ETCH-05,PVD-01,ETCH-07
RL048W10,RL048,10,ETCH-03,FURN-02,ALD-02,EPI-01,ETCH-05,PVD-01,ETCH-07
RL048W11,RL048,11,ETCH-03,FURN-02,ALD-02,EPI-01,ETCH-05,PVD-01,ETCH-07
RL048W12,RL048,12,ETCH-03,FURN-02,ALD-02,EPI-01,ETCH-05,PVD-01,ETCH-07
RL048W13,RL048,13,ETCH-03,FURN-02,ALD-02,EPI-01,ETCH-05,PVD-01,ETCH-07
RL048W14,RL048,14,ETCH-03,FURN-02,ALD-02,EPI-01,ETCH-05,PVD-01,ETCH-07
RL048W15,RL048,15,ETCH-03,FURN-02,ALD-02,EPI-01,ETCH-05,PVD-01,ETCH-07
RL048W16,RL048,16,ETCH-03,FURN-02,ALD-02,EPI-01,ETCH-05,PVD-01,ETCH-07
RL048W17,RL048,17,ETCH-03,FURN-02,ALD-02,EPI-01,ETCH-05,PVD-01,ETCH-07
RL048W18,RL048,18,ETCH-03,FURN-02,ALD-02,EPI-01,ETCH-05,PVD-01,ETCH-07
RL048W19,RL048,19,ETCH-03,FURN-02,ALD-02,EPI-01,ETCH-05,PVD-01,ETCH-07
RL048W20,RL048,20,ETCH-03,FURN-02,ALD-02,EPI-01,ETCH-05,PVD-01,ETCH-07
RL048W21,RL048,21,ETCH-03,FURN-02,ALD-02,EPI-01,ETCH-05,PVD-01,ETCH-07
RL048W22,RL048,22,ETCH-03,FURN-02,ALD-02,EPI-01,ETCH-05,PVD-01,ETCH-07
RL048W23,RL048,23,ETCH-03,FURN-02,ALD-02,EPI-01,ETCH-05,PVD-01,ETCH-07
RL048W24,RL048,24,ETCH-03,FURN-02,ALD-02,EPI-01,ETCH-05,PVD-01,ETCH-07
RL048W25,RL048,25,ETCH-03,FURN-02,ALD-02,EPI-01,ETCH-05,PVD-01,ETCH-07
